date,open,close
2000-02-10,20.3750,18.2500
2000-02-11,18.7500,19.2500
2000-02-14,19.3750,18.4530
2000-02-15,18.5620,18.4380
2000-02-16,18.3750,16.4380
2000-02-17,17.3750,18.0000
2000-02-18,18.5000,16.9380
2000-02-22,16.9380,16.1250
2000-02-23,16.4380,18.0000
2000-02-24,18.0620,18.0000
2000-02-25,18.5000,19.6880
2000-02-28,19.7500,20.2500
2000-02-29,20.4380,19.1250
2000-03-01,19.2500,18.7500
2000-03-02,18.5000,18.3750
2000-03-03,18.0000,20.0000
2000-03-06,20.1250,18.6250
2000-03-07,18.6250,20.3750
2000-03-08,20.7660,20.3750
2000-03-09,20.5620,21.0000
2000-03-10,20.8750,21.3750
2000-03-13,20.5000,20.5000
2000-03-14,20.5000,20.1880
2000-03-15,19.7500,18.9380
2000-03-16,18.9380,17.5000
2000-03-17,17.1250,17.6880
2000-03-20,17.6250,17.3750
2000-03-21,17.1880,15.1880
2000-03-22,16.0000,16.4380
2000-03-23,16.5000,17.1880
2000-03-24,17.1250,15.4380
2000-03-27,15.3750,14.2500
2000-03-28,14.3120,13.2500
2000-03-29,13.8750,12.7500
2000-03-30,13.5000,12.1250
2000-03-31,12.7500,13.1250
2000-04-03,13.0000,12.0620
2000-04-04,12.0000,9.4380
2000-04-05,9.0310,8.7500
2000-04-06,9.7500,10.9380
2000-04-07,11.3750,12.5620
2000-04-10,12.5620,11.2500
2000-04-11,11.0620,10.7810
2000-04-12,10.8750,10.6880
2000-04-13,10.6250,9.7500
2000-04-14,9.4380,8.0620
2000-04-17,7.9380,7.0000
2000-04-18,6.9380,7.2500
2000-04-19,7.7500,6.9380
2000-04-20,6.9690,7.2500
2000-04-24,7.1250,6.0000
2000-04-25,6.5000,6.3120
2000-04-26,6.6880,6.5000
2000-04-27,6.5000,6.6880
2000-04-28,6.7500,6.3750
2000-05-01,6.6250,6.5620
2000-05-02,6.4380,6.5000
2000-05-03,6.0310,6.5000
2000-05-04,6.5000,6.2500
2000-05-05,6.2500,6.0000
2000-05-08,6.1250,6.0620
2000-05-09,6.0000,5.8120
2000-05-10,5.3120,6.0000
2000-05-11,5.5620,6.0620
2000-05-12,6.2500,6.9380
2000-05-15,7.0000,7.0620
2000-05-16,7.0620,6.5780
2000-05-17,6.5620,6.3120
2000-05-18,6.3120,6.6250
2000-05-19,6.3910,7.0000
2000-05-22,7.0000,6.5000
2000-05-23,6.8590,6.3440
2000-05-24,6.5620,5.7810
2000-05-25,5.8120,5.7810
2000-05-26,5.7500,5.7500
2000-05-30,5.7500,5.4380
2000-05-31,5.3750,5.5620
2000-06-01,5.4690,5.4380
2000-06-02,5.5620,6.0620
2000-06-05,5.9690,6.0620
2000-06-06,6.0000,5.9690
2000-06-07,5.8120,6.0000
2000-06-08,5.9380,7.3750
2000-06-09,7.3750,7.8750
2000-06-12,8.0000,6.9380
2000-06-13,7.1250,6.6880
2000-06-14,6.5000,6.5620
2000-06-15,6.5470,6.0000
2000-06-16,6.2500,5.5620
2000-06-19,5.5620,5.7500
2000-06-20,5.9380,5.7500
2000-06-21,6.2500,5.7500
2000-06-22,5.9380,5.6250
2000-06-23,5.5000,5.7810
2000-06-26,5.7500,5.9380
2000-06-27,6.0620,5.8750
2000-06-28,6.0000,6.2500
2000-06-29,6.1250,5.8750
2000-06-30,5.9690,5.9380
2000-07-03,5.9060,6.4690
2000-07-05,6.3120,6.2500
2000-07-06,6.0940,5.9380
2000-07-07,5.8750,6.0000
2000-07-10,6.0000,5.9380
2000-07-11,5.8750,5.6880
2000-07-12,5.7500,5.4380
2000-07-13,5.4060,5.3750
2000-07-14,5.5000,5.7810
2000-07-17,6.1250,5.7500
2000-07-18,5.7500,6.0000
2000-07-19,6.0000,5.9380
2000-07-20,5.9060,5.8750
2000-07-21,5.8120,5.5620
2000-07-24,5.5000,5.5620
2000-07-25,5.6250,5.2810
2000-07-26,5.2660,4.9690
2000-07-27,4.8750,4.2500
2000-07-28,4.3750,3.9380
2000-07-31,3.8750,3.7500
2000-08-01,3.9380,3.5620
2000-08-02,3.5000,4.4380
2000-08-03,4.2500,4.6250
2000-08-04,4.6250,4.3750
2000-08-07,4.2810,4.1560
2000-08-08,4.2500,4.0310
2000-08-09,4.0310,4.0000
2000-08-10,4.0000,3.5620
2000-08-11,3.5310,4.0620
2000-08-14,4.0470,4.0620
2000-08-15,4.0000,4.0000
2000-08-16,4.0620,4.0000
2000-08-17,3.9840,3.8120
2000-08-18,3.8750,3.7500
2000-08-21,3.7030,3.4380
2000-08-22,3.4380,3.4380
2000-08-23,3.3750,3.6880
2000-08-24,3.8120,3.8120
2000-08-25,3.8120,3.6880
2000-08-28,3.8440,3.8750
2000-08-29,3.9690,3.8750
2000-08-30,4.0620,4.5000
2000-08-31,4.5000,4.5620
2000-09-01,4.6250,6.2500
2000-09-05,6.0940,5.9690
2000-09-06,5.9690,6.3120
2000-09-07,6.1880,7.3120
2000-09-08,7.2500,6.5000
2000-09-11,6.5000,6.0620
2000-09-12,6.5000,6.0620
2000-09-13,6.0000,5.4380
2000-09-14,5.4220,5.4380
2000-09-15,5.3750,5.7500
2000-09-18,5.7500,5.6250
2000-09-19,5.6250,5.5000
2000-09-20,5.2970,5.2500
2000-09-21,5.2500,5.2500
2000-09-22,4.9380,5.2500
2000-09-25,5.2500,5.2500
2000-09-26,5.2190,4.8440
2000-09-27,4.8440,4.2190
2000-09-28,4.1250,3.1250
2000-09-29,3.1250,3.8120
2000-10-02,3.9380,3.7810
2000-10-03,3.6880,3.4690
2000-10-04,3.4060,3.2500
2000-10-05,3.3440,3.3120
2000-10-06,3.2970,3.2500
2000-10-09,3.2500,2.5000
2000-10-10,2.5780,2.4380
2000-10-11,2.4220,2.5000
2000-10-12,2.5000,2.4380
2000-10-13,2.1410,2.3750
2000-10-16,2.2810,1.9380
2000-10-17,1.9690,1.6250
2000-10-18,1.5000,2.1250
2000-10-19,2.3590,1.8440
2000-10-20,1.8120,1.9690
2000-10-23,2.0000,1.8750
2000-10-24,1.8440,1.8750
2000-10-25,1.9690,1.6880
2000-10-26,1.8590,1.7500
2000-10-27,1.7500,1.8750
2000-10-30,1.8750,1.8440
2000-10-31,1.8750,1.9380
2000-11-01,2.0000,2.1250
2000-11-02,2.1560,2.7810
2000-11-03,2.9840,3.6560
2000-11-06,3.6090,3.1880
2000-11-07,3.1250,3.0620
2000-11-08,3.0620,2.5620
2000-11-09,2.5000,2.7500
2000-11-10,2.6880,2.4380
2000-11-13,2.2500,2.4380
2000-11-14,2.5000,2.1880
2000-11-15,2.3750,1.9380
2000-11-16,1.9690,1.8750
2000-11-17,1.9220,2.0620
2000-11-20,1.8910,1.8440
2000-11-21,1.8750,1.7810
2000-11-22,1.6250,1.7190
2000-11-24,1.7030,1.7500
2000-11-27,1.8440,1.6880
2000-11-28,1.6880,1.6250
2000-11-29,1.5310,1.5000
2000-11-30,1.4060,1.3120
2000-12-01,1.2660,1.4690
2000-12-04,1.5620,1.4380
2000-12-05,1.5160,1.6250
2000-12-06,1.6250,1.3750
2000-12-07,1.2500,1.3750
2000-12-08,1.1880,1.5000
2000-12-11,1.2970,0.9060
2000-12-12,0.9380,1.0620
2000-12-13,1.0310,1.0000
2000-12-14,1.0000,1.0000
2000-12-15,0.9690,1.0000
2000-12-18,0.9380,0.9060
2000-12-19,0.8120,0.9060
2000-12-20,0.7500,0.7500
2000-12-21,0.7030,0.8120
2000-12-22,0.6720,0.8440
2000-12-26,0.7660,0.7810
2000-12-27,0.7500,0.7500
2000-12-28,0.6880,0.7810
2000-12-29,0.6250,0.7500
2001-01-02,0.7500,0.7500
2001-01-03,0.7500,0.8120
2001-01-04,0.7500,0.9060
2001-01-05,0.9060,0.8750
2001-01-08,0.8750,0.9690
2001-01-09,0.9380,0.9060
2001-01-10,0.9380,0.9060
2001-01-11,0.9060,1.2500
2001-01-12,1.3590,1.5000
2001-01-16,1.5000,1.6250
2001-01-17,1.6250,1.8750
2001-01-18,1.8910,1.5000
2001-01-19,1.6090,1.8440
2001-01-22,1.8440,1.9380
2001-01-23,1.9840,1.9060
2001-01-24,1.9380,1.8750
2001-01-25,1.8280,1.7500
2001-01-26,1.8750,1.6880
2001-01-29,1.6880,1.7810
2001-01-30,1.7810,1.6560
2001-01-31,1.7190,1.5620
2001-02-01,1.5620,1.6250
2001-02-02,1.6250,1.5620
2001-02-05,1.4690,1.3750
2001-02-06,1.3120,1.3750
2001-02-07,1.4060,1.2500
2001-02-08,1.4380,1.1880
2001-02-09,1.2190,1.2190
2001-02-12,1.1880,1.1250
2001-02-13,1.1880,1.1880
2001-02-14,1.0620,1.1880
2001-02-15,1.1560,1.3440
2001-02-16,1.3440,1.3120
2001-02-20,1.4380,1.2500
2001-02-21,1.1250,1.0940
2001-02-22,1.2660,1.1250
2001-02-23,1.0310,1.0620
2001-02-26,1.2030,1.2500
2001-02-27,1.2500,1.3440
2001-02-28,1.3120,1.4060
2001-03-01,1.3120,1.3440
2001-03-02,1.3440,1.3120
2001-03-05,1.3120,1.1880
2001-03-06,1.3120,1.1560
2001-03-07,1.1560,1.1560
2001-03-08,1.1880,1.1880
2001-03-09,1.1880,1.1880
2001-03-12,1.0000,1.0310
2001-03-13,1.1250,1.0310
2001-03-14,0.9690,0.9690
2001-03-15,0.9060,0.9380
2001-03-16,0.9060,0.9380
2001-03-19,0.9380,0.9380
2001-03-20,0.8750,0.9380
2001-03-21,0.9060,0.9380
2001-03-22,0.8440,0.9060
2001-03-23,0.8750,0.9380
2001-03-26,0.8750,0.9380
2001-03-27,0.9060,1.0620
2001-03-28,1.0620,0.9690
2001-03-29,0.8750,0.8440
2001-03-30,0.8120,0.8750
2001-04-02,0.8440,0.7810
2001-04-03,0.7500,0.7500
2001-04-04,0.7190,0.6250
2001-04-05,0.7190,0.8440
2001-04-06,0.8750,1.0620
2001-04-09,0.9800,1.0800
2001-04-10,1.0900,1.1400
2001-04-11,1.1900,1.2300
2001-04-12,1.1800,1.4400
2001-04-16,1.2600,1.3000
2001-04-17,1.2800,1.1500
2001-04-18,1.2000,1.1500
2001-04-19,1.2000,1.0900
2001-04-20,1.0300,1.0100
2001-04-23,1.0100,1.0100
2001-04-24,1.0000,0.9500
2001-04-25,1.0000,0.9600
2001-04-26,0.9900,1.1000
2001-04-27,1.1100,1.1400
2001-04-30,1.1700,1.1400
2001-05-01,1.1500,1.1000
2001-05-02,1.1700,1.3200
2001-05-03,1.3000,1.4500
2001-05-04,1.5300,1.5200
2001-05-07,1.5000,1.7500
2001-05-08,1.7500,1.5200
2001-05-09,1.4600,1.4400
2001-05-10,1.4800,1.5600
2001-05-11,1.5500,1.5700
2001-05-14,1.5900,1.5900
2001-05-15,1.5900,1.6000
2001-05-16,1.6000,1.5800
2001-05-17,1.6200,1.7000
2001-05-18,1.6800,1.7500
2001-05-21,1.6600,1.7000
2001-05-22,1.6800,1.5600
2001-05-23,1.5400,1.6300
2001-05-24,1.5800,1.5000
2001-05-25,1.4800,1.4800
2001-05-29,1.4800,1.4400
2001-05-30,1.3500,1.4900
2001-05-31,1.5000,1.5200
2001-06-01,1.5100,1.5200
2001-06-04,1.5200,1.5300
2001-06-05,1.5300,1.4800
2001-06-06,1.4700,1.4700
2001-06-07,1.4500,1.3800
2001-06-08,1.3600,1.3800
2001-06-11,1.3600,1.1900
2001-06-12,1.1800,1.3000
2001-06-13,1.3000,1.3200
2001-06-14,1.2800,1.2900
2001-06-15,1.3200,1.3000
2001-06-18,1.2800,1.3500
2001-06-19,1.3500,1.4300
2001-06-20,1.3800,1.7100
2001-06-21,1.6500,1.7900
2001-06-22,1.5100,1.7500
2001-06-25,1.7800,1.7000
2001-06-26,1.6900,1.7200
2001-06-27,1.7100,1.6900
2001-06-28,1.6300,1.6000
2001-06-29,1.6500,1.6000
2001-07-02,1.6000,1.5500
2001-07-03,1.5400,1.5400
2001-07-05,1.4300,1.5200
2001-07-06,1.5600,1.5700
2001-07-09,1.5700,1.6000
2001-07-10,1.6000,1.7700
2001-07-11,1.8000,1.7900
2001-07-12,1.7200,2.0000
2001-07-13,1.9600,1.9900
2001-07-16,2.0200,2.0900
2001-07-17,2.1000,2.2800
2001-07-18,2.3500,2.3500
2001-07-19,2.3900,2.3800
2001-07-20,2.3800,2.2800
2001-07-23,2.2800,2.2400
2001-07-24,2.2300,2.0400
2001-07-25,2.0400,1.8500
2001-07-26,1.8700,1.8800
2001-07-27,1.8300,1.9300
2001-07-30,1.9300,1.7800
2001-07-31,1.7000,1.6900
2001-08-01,1.6600,1.5000
2001-08-02,1.5400,1.5300
2001-08-03,1.5300,1.5800
2001-08-06,1.5400,1.6000
2001-08-07,1.6100,1.7000
2001-08-08,1.6900,1.6900
2001-08-09,1.6800,1.6900
2001-08-10,1.6400,1.6900
2001-08-13,1.6800,1.5400
2001-08-14,1.5500,1.5400
2001-08-15,1.5400,1.5200
2001-08-16,1.5300,1.5200
2001-08-17,1.4500,1.4100
2001-08-20,1.4000,1.4500
2001-08-21,1.4200,1.4900
2001-08-22,1.5500,1.4800
2001-08-23,1.4500,1.4500
2001-08-24,1.4400,1.4300
2001-08-27,1.4000,1.5200
2001-08-28,1.5000,1.5100
2001-08-29,1.4500,1.4900
2001-08-30,1.4800,1.4900
2001-08-31,1.4900,1.5200
2001-09-04,1.4300,1.4600
2001-09-05,1.4400,1.4700
2001-09-06,1.4500,1.4000
2001-09-07,1.4000,1.4900
2001-09-10,1.4400,1.4300
2001-09-17,1.3800,1.1500
2001-09-18,1.1900,1.2500
2001-09-19,1.2000,1.0400
2001-09-20,1.1500,0.9000
2001-09-21,0.8900,0.9100
2001-09-24,1.0000,0.9000
2001-09-25,0.9200,0.8800
2001-09-26,0.9000,0.9900
2001-09-27,0.9800,1.1500
2001-09-28,1.1800,1.2900
2001-10-01,1.3400,1.2300
2001-10-02,1.2700,1.1500
2001-10-03,1.1100,1.2200
2001-10-04,1.1100,1.2000
2001-10-05,1.2000,1.2900
2001-10-08,1.2200,1.2000
2001-10-09,1.1800,1.1500
2001-10-10,1.1600,1.2500
2001-10-11,1.2500,1.2300
2001-10-12,1.2400,1.2600
2001-10-15,1.2900,1.3000
2001-10-16,1.3000,1.3200
2001-10-17,1.3000,1.3000
2001-10-18,1.3000,1.2300
2001-10-19,1.2300,1.2400
2001-10-22,1.2000,1.2400
2001-10-23,1.2400,1.2900
2001-10-24,1.2800,1.3100
2001-10-25,1.3000,1.4400
2001-10-26,1.4300,1.4900
2001-10-29,1.5300,1.5100
2001-10-30,1.5000,1.4900
2001-10-31,1.4000,1.4700
2001-11-01,1.5200,1.4600
2001-11-02,1.4600,1.3800
2001-11-05,1.3800,1.3800
2001-11-06,1.3800,1.4700
2001-11-07,1.4300,1.4100
2001-11-08,1.4400,1.4500
2001-11-09,1.4900,1.3700
2001-11-12,1.3700,1.3100
2001-11-13,1.3500,1.4200
2001-11-14,1.3700,1.3900
2001-11-15,1.3000,1.3800
2001-11-16,1.3000,1.2900
2001-11-19,1.2500,1.2500
2001-11-20,1.1500,1.1800
2001-11-21,1.2300,1.2000
2001-11-23,1.2000,1.2300
2001-11-26,1.2800,1.2400
2001-11-27,1.2400,1.3200
2001-11-28,1.3800,1.3000
2001-11-29,1.3000,1.3900
2001-11-30,1.3900,1.4000
2001-12-03,1.3800,1.3900
2001-12-04,1.3400,1.3800
2001-12-05,1.3700,1.4400
2001-12-06,1.3500,1.4000
2001-12-07,1.3900,1.4400
2001-12-10,1.3400,1.3900
2001-12-11,1.3500,1.4000
2001-12-12,1.3400,1.4000
2001-12-13,1.3200,1.3200
2001-12-14,1.3400,1.2900
2001-12-17,1.3200,1.3200
2001-12-18,1.2600,1.3000
2001-12-19,1.2700,1.2600
2001-12-20,1.2600,1.3000
2001-12-21,1.2600,1.2800
2001-12-24,1.2200,1.2200
2001-12-26,1.2000,1.2100
2001-12-27,1.1900,1.2300
2001-12-28,1.2100,1.2100
2001-12-31,1.2300,1.2400
2002-01-02,1.2400,1.2400
2002-01-03,1.2600,1.3000
2002-01-04,1.3200,1.3500
2002-01-07,1.3200,1.3000
2002-01-08,1.2700,1.3400
2002-01-09,1.3400,1.3700
2002-01-10,1.3300,1.3900
2002-01-11,1.3300,1.3300
2002-01-14,1.3000,1.3200
2002-01-15,1.3000,1.3000
2002-01-16,1.3000,1.3000
2002-01-17,1.2900,1.3600
2002-01-18,1.4000,1.3700
2002-01-22,1.3900,1.2200
2002-01-23,1.2300,1.2200
2002-01-24,1.2200,1.2400
2002-01-25,1.2400,1.3000
2002-01-28,1.3100,1.3000
2002-01-29,1.3300,1.2000
2002-01-30,1.2800,1.2100
2002-01-31,1.2300,1.1700
2002-02-01,1.1500,1.2300
2002-02-04,1.2700,1.3000
2002-02-05,1.3100,1.2600
2002-02-06,1.2600,1.2200
2002-02-07,1.2300,1.1500
2002-02-08,1.2300,1.1900
2002-02-11,1.1400,1.1400
2002-02-12,1.0400,1.1200
2002-02-13,1.0800,1.1700
2002-02-14,1.1200,1.1500
2002-02-15,1.1500,1.2000
2002-02-19,1.2100,1.1200
2002-02-20,1.1200,1.1500
2002-02-21,1.1200,1.1300
2002-02-22,1.1000,1.1200
2002-02-25,1.0900,1.1900
2002-02-26,1.1700,1.2000
2002-02-27,1.1400,1.2100
2002-02-28,1.1200,1.1700
2002-03-01,1.1500,1.1800
2002-03-04,1.1500,1.2200
2002-03-05,1.1500,1.1500
2002-03-06,1.1500,1.2000
2002-03-07,1.1800,1.2400
2002-03-08,1.2800,1.2200
2002-03-11,1.0900,0.8500
2002-03-12,0.8200,0.8000
2002-03-13,0.7700,0.7900
2002-03-14,0.7600,0.6900
2002-03-15,0.6600,0.5100
2002-03-18,0.5900,0.6900
2002-03-19,0.6800,0.6600
2002-03-20,0.6600,0.7000
2002-03-21,0.6500,0.6500
2002-03-22,0.6100,0.6200
2002-03-25,0.6100,0.5500
2002-03-26,0.5500,0.6000
2002-03-27,0.5700,0.5700
2002-03-28,0.5700,0.5600
2002-04-01,0.5200,0.4900
2002-04-02,0.4700,0.5300
2002-04-03,0.5300,0.6300
2002-04-04,0.6300,0.6500
2002-04-05,0.6500,0.7500
2002-04-08,0.7100,0.7700
2002-04-09,0.7900,0.7200
2002-04-10,0.6800,0.7200
2002-04-11,0.6800,0.6800
2002-04-12,0.6600,0.6400
2002-04-15,0.6000,0.5900
2002-04-16,0.6000,0.5900
2002-04-17,0.5700,0.6100
2002-04-18,0.6000,0.5700
2002-04-19,0.5700,0.6000
2002-04-22,0.5700,0.5600
2002-04-23,0.5900,0.5700
2002-04-24,0.5800,0.5900
2002-04-25,0.5700,0.5700
2002-04-26,0.5500,0.5600
2002-04-29,0.5100,0.4600
2002-04-30,0.4600,0.4300
2002-05-01,0.4000,0.4100
2002-05-02,0.4200,0.4300
2002-05-03,0.3900,0.4100
2002-05-06,0.3700,0.3700
2002-05-07,0.3700,0.2900
2002-05-08,0.3800,0.3200
2002-05-09,0.3100,0.3200
2002-05-10,0.3000,0.3600
2002-05-13,0.3300,0.2800
2002-05-14,0.2700,0.2800
2002-05-15,0.2800,0.2800
2002-05-16,0.2500,0.2500
2002-05-17,0.2600,0.2800
2002-05-20,0.2600,0.2600
2002-05-21,0.2500,0.2300
2002-05-22,0.2000,0.2000
2002-05-23,0.1800,0.1800
2002-05-24,0.1700,0.1800
2002-05-28,0.1700,0.2000
2002-05-29,0.1900,0.1700
2002-05-30,0.1500,0.1900
2002-05-31,0.1700,0.1700
2002-06-03,0.1700,0.2000
2002-06-04,0.1900,0.1800
2002-06-05,0.1800,0.2000
2002-06-06,0.1700,0.1700
2002-06-07,0.1600,0.1700
2002-06-10,0.1600,0.1600
2002-06-11,0.1700,0.1700
2002-06-12,0.1500,0.1600
2002-06-13,0.1400,0.1600
2002-06-14,0.1600,0.1700
2002-06-17,0.1600,0.1500
2002-06-18,0.1500,0.1500
2002-06-19,0.1400,0.1700
2002-06-20,0.1300,0.1500
2002-06-21,0.1300,0.1500
2002-06-24,0.1300,0.1400
2002-06-25,0.1200,0.1300
2002-06-26,0.1100,0.1200
2002-06-27,0.1200,0.1300
2002-06-28,0.1300,0.1100
2002-07-01,0.1100,0.1000
2002-07-02,0.0800,0.1500
2002-07-03,0.1000,0.1200
2002-07-05,0.1000,0.1100
2002-07-08,0.0800,0.0900
2002-07-09,0.0800,0.1000
2002-07-10,0.0900,0.1000
2002-07-11,0.0900,0.1000
2002-07-12,0.0900,0.1000
2002-07-15,0.1000,0.0900
2002-07-16,0.0900,0.0900
2002-07-17,0.1000,0.1000
2002-07-18,0.1000,0.1000
2002-07-19,0.1000,0.1000
2002-07-22,0.1000,0.1000
2002-07-23,0.1000,0.1000
2002-07-24,0.0900,0.1000
2002-07-25,0.1000,0.0900
2002-07-26,0.1000,0.0900
2002-07-29,0.1000,0.0900
2002-07-30,0.0900,0.0800
2002-07-31,0.0900,0.0900
2002-08-01,0.0900,0.0800
2002-08-02,0.0800,0.0900
2002-08-05,0.0900,0.1000
2002-08-06,0.1300,0.1000
2002-08-07,0.1000,0.0800
2002-08-08,0.0800,0.0900
2002-08-09,0.1000,0.1000
2002-08-12,0.0900,0.0900
2002-08-13,0.0900,0.0800
2002-08-14,0.0800,0.0800
2002-08-15,0.0800,0.0900
2002-08-16,0.0900,0.0900
2002-08-19,0.0800,0.0800
2002-08-20,0.0800,0.0900
2002-08-21,0.0900,0.0900
2002-08-22,0.1000,0.1500
2002-08-23,0.1200,0.1200
2002-08-26,0.1200,0.1300
2002-08-27,0.1300,0.1200
2002-08-28,0.1200,0.1200
2002-08-29,0.1200,0.1200
2002-08-30,0.1100,0.1000
2002-09-03,0.1100,0.1000
2002-09-04,0.1100,0.1000
2002-09-05,0.1000,0.1100
2002-09-06,0.1100,0.1000
2002-09-09,0.0900,0.0900
2002-09-10,0.0900,0.1000
2002-09-11,0.0900,0.0900
2002-09-12,0.0900,0.0800
2002-09-13,0.1000,0.0700
2002-09-16,0.0700,0.0700
2002-09-17,0.0700,0.0700
2002-09-18,0.0700,0.0600
2002-09-19,0.0600,0.0600
2002-09-20,0.0700,0.0600
2002-09-23,0.0600,0.0600
2002-09-24,0.0700,0.0600
2002-09-25,0.0500,0.0500
2002-09-26,0.0500,0.0400
2002-09-27,0.0500,0.0500
2002-09-30,0.0500,0.0500
2002-10-01,0.0500,0.0500
2002-10-02,0.0400,0.0500
2002-10-03,0.0400,0.0400
2002-10-04,0.0400,0.0200
2002-10-07,0.0200,0.0300
2002-10-08,0.0300,0.0300
2002-10-09,0.0300,0.0300
2002-10-10,0.0300,0.0300
2002-10-11,0.0200,0.0300
2002-10-14,0.0300,0.0400
2002-10-15,0.0500,0.0300
2002-10-16,0.0300,0.0300
2002-10-17,0.0300,0.0400
2002-10-18,0.0300,0.0300
2002-10-21,0.0400,0.0300
2002-10-22,0.0300,0.0400
2002-10-23,0.0300,0.0300
2002-10-24,0.0300,0.0200
2002-10-25,0.0300,0.0300
2002-10-28,0.0300,0.0300
2002-10-29,0.0400,0.0300
2002-10-30,0.0200,0.0500
2002-10-31,0.0500,0.0500
2002-11-01,0.0500,0.0400
2002-11-04,0.0400,0.0500
2002-11-05,0.0700,0.0800
2002-11-06,0.1100,0.0900
2002-11-07,0.0900,0.0700
2002-11-08,0.0700,0.0700
2002-11-11,0.0700,0.0700
2002-11-12,0.0700,0.0600
2002-11-13,0.0600,0.0500
2002-11-14,0.0600,0.0500
2002-11-15,0.0500,0.0500
2002-11-18,0.0500,0.0600
2002-11-19,0.0600,0.0500
2002-11-20,0.0600,0.0900
2002-11-21,0.1000,0.0700
2002-11-22,0.0800,0.0800
2002-11-25,0.0800,0.0700
2002-11-26,0.0800,0.0900
2002-11-27,0.1000,0.1000
2002-11-29,0.1400,0.2400
2002-12-02,0.2400,0.2200
2002-12-03,0.2000,0.1800
2002-12-04,0.1600,0.1400
2002-12-05,0.1500,0.1300
2002-12-06,0.1100,0.0900
2002-12-09,0.0900,0.0800
2002-12-10,0.1000,0.1300
2002-12-11,0.1300,0.1100
2002-12-12,0.1200,0.1100
2002-12-13,0.1000,0.1000
2002-12-16,0.1100,0.1000
2002-12-17,0.1100,0.1100
2002-12-18,0.1100,0.0900
2002-12-19,0.0900,0.0900
2002-12-20,0.1000,0.0900
2002-12-23,0.0900,0.1000
2002-12-24,0.1000,0.1000
2002-12-26,0.1100,0.0900
2002-12-27,0.1000,0.0900
2002-12-30,0.0900,0.0800
2002-12-31,0.0800,0.0800
2003-01-02,0.0800,0.0900
2003-01-03,0.0900,0.0800
2003-01-06,0.0900,0.0900
2003-01-07,0.1100,0.1000
2003-01-08,0.1100,0.0900
2003-01-09,0.0900,0.0900
2003-01-10,0.0900,0.0900
2003-01-13,0.0900,0.0900
2003-01-14,0.0900,0.0900
2003-01-15,0.0900,0.0800
2003-01-16,0.0800,0.0800
2003-01-17,0.0800,0.0700
2003-01-21,0.0700,0.0800
2003-01-22,0.0800,0.0800
2003-01-23,0.0800,0.0700
2003-01-24,0.0700,0.0600
2003-01-27,0.0600,0.0500
2003-01-28,0.0600,0.0500
2003-01-29,0.0500,0.0500
2003-01-30,0.0500,0.0500
2003-01-31,0.0500,0.0500
2003-02-03,0.0500,0.0400
2003-02-04,0.0400,0.0400
2003-02-05,0.0400,0.0500
2003-02-06,0.0500,0.0700
2003-02-07,0.0800,0.0800
2003-02-10,0.0800,0.0800
2003-02-11,0.0800,0.0800
2003-02-12,0.0800,0.0600
2003-02-13,0.0600,0.0500
2003-02-14,0.0500,0.0500
2003-02-18,0.0500,0.0600
2003-02-19,0.0600,0.0600
2003-02-20,0.0600,0.0600
2003-02-21,0.0600,0.0600
2003-02-24,0.0600,0.0600
2003-02-25,0.0500,0.0500
2003-02-26,0.0600,0.0400
2003-02-27,0.0400,0.0500
2003-02-28,0.0500,0.0400
2003-03-03,0.0500,0.0400
2003-03-04,0.0500,0.0400
2003-03-05,0.0400,0.0400
2003-03-06,0.0400,0.0400
2003-03-07,0.0400,0.0400
2003-03-10,0.0400,0.0400
2003-03-11,0.0400,0.0400
2003-03-12,0.0400,0.0400
2003-03-13,0.0500,0.0400
2003-03-14,0.0400,0.0400
2003-03-17,0.0400,0.0400
2003-03-18,0.0400,0.0400
2003-03-19,0.0400,0.0400
2003-03-20,0.0400,0.0400
2003-03-21,0.0400,0.0400
2003-03-24,0.0300,0.0300
2003-03-25,0.0300,0.0400
2003-03-26,0.0400,0.0400
2003-03-27,0.0400,0.0400
2003-03-28,0.0400,0.0400
2003-03-31,0.0400,0.0400
2003-04-01,0.0400,0.0400
2003-04-02,0.0400,0.0400
2003-04-03,0.0400,0.0400
2003-04-04,0.0400,0.0400
2003-04-07,0.0400,0.0400
2003-04-08,0.0400,0.0400
2003-04-09,0.0400,0.0400
2003-04-10,0.0400,0.0400
2003-04-11,0.0400,0.0400
2003-04-14,0.0400,0.0400
2003-04-15,0.0400,0.0400
2003-04-16,0.0400,0.0400
2003-04-17,0.0400,0.0400
2003-04-21,0.0400,0.0400
2003-04-22,0.0300,0.0300
2003-04-23,0.0300,0.0400
2003-04-24,0.0400,0.0400
2003-04-25,0.0400,0.0400
2003-04-28,0.0400,0.0400
2003-04-29,0.0300,0.0300
2003-04-30,0.0300,0.0400
2003-05-01,0.0300,0.0300
2003-05-02,0.0400,0.0400
2003-05-05,0.0300,0.0300
2003-05-06,0.0400,0.0300
2003-05-07,0.0300,0.0400
2003-05-08,0.0300,0.0300
2003-05-09,0.0400,0.0300
2003-05-12,0.0300,0.0400
2003-05-13,0.0300,0.0300
2003-05-14,0.0300,0.0400
2003-05-15,0.0300,0.0400
2003-05-16,0.0400,0.0400
2003-05-19,0.0400,0.0400
2003-05-20,0.0500,0.0500
2003-05-21,0.0400,0.0500
2003-05-22,0.0500,0.0500
2003-05-23,0.0500,0.0600
2003-05-27,0.0700,0.0700
2003-05-28,0.0700,0.0700
2003-05-29,0.0700,0.0700
2003-05-30,0.0700,0.0800
2003-06-02,0.0800,0.0500
2003-06-03,0.0500,0.0500
2003-06-04,0.0500,0.0500
2003-06-05,0.0600,0.0700
2003-06-06,0.0800,0.0800
2003-06-09,0.0700,0.0700
2003-06-10,0.0700,0.0800
2003-06-11,0.0900,0.0900
2003-06-12,0.0900,0.0800
2003-06-13,0.0900,0.0700
2003-06-16,0.0800,0.0800
2003-06-17,0.0800,0.0800
2003-06-18,0.0800,0.0700
2003-06-19,0.0800,0.0900
2003-06-20,0.1000,0.0900
2003-06-23,0.0900,0.1000
2003-06-24,0.0900,0.0800
2003-06-25,0.0800,0.0800
2003-06-26,0.0800,0.0900
2003-06-27,0.0900,0.0900
2003-06-30,0.0900,0.0900
2003-07-01,0.0900,0.1000
2003-07-02,0.1000,0.1200
2003-07-03,0.1200,0.1200
2003-07-07,0.1100,0.1200
2003-07-08,0.1200,0.1700
2003-07-09,0.1700,0.1700
2003-07-10,0.1700,0.1600
2003-07-11,0.1600,0.1600
2003-07-14,0.1600,0.1700
2003-07-15,0.1700,0.1600
2003-07-16,0.1700,0.1600
2003-07-17,0.1600,0.1200
2003-07-18,0.1200,0.1400
2003-07-21,0.1400,0.1400
2003-07-22,0.1300,0.1400
2003-07-23,0.1400,0.1700
2003-07-24,0.1600,0.1600
2003-07-25,0.1600,0.1600
2003-07-28,0.1500,0.1600
2003-07-29,0.1600,0.1600
2003-07-30,0.1600,0.1500
2003-07-31,0.1400,0.1400
2003-08-01,0.1400,0.1300
2003-08-04,0.1300,0.1300
2003-08-05,0.1200,0.1000
2003-08-06,0.1000,0.1200
2003-08-07,0.1000,0.1000
2003-08-08,0.1200,0.1100
2003-08-11,0.1000,0.1100
2003-08-12,0.1000,0.1100
2003-08-13,0.1000,0.1000
2003-08-14,0.1000,0.1200
2003-08-15,0.1200,0.1000
2003-08-18,0.1200,0.1500
2003-08-19,0.1400,0.1500
2003-08-20,0.1200,0.1400
2003-08-21,0.1400,0.1600
2003-08-22,0.1600,0.1500
2003-08-25,0.1300,0.1600
2003-08-26,0.1700,0.1600
2003-08-27,0.1500,0.1500
2003-08-28,0.1600,0.1900
2003-08-29,0.1700,0.1700
2003-09-02,0.1700,0.1600
2003-09-03,0.1500,0.1300
2003-09-04,0.1200,0.1300
2003-09-05,0.1200,0.1300
2003-09-08,0.1200,0.1400
2003-09-09,0.1400,0.1500
2003-09-10,0.1700,0.1900
2003-09-11,0.1900,0.2200
2003-09-12,0.2400,0.2400
2003-09-15,0.2300,0.2200
2003-09-16,0.1900,0.2000
2003-09-17,0.1900,0.2100
2003-09-18,0.2000,0.2200
2003-09-19,0.2300,0.2300
2003-09-22,0.2300,0.2400
2003-09-23,0.2300,0.2100
2003-09-24,0.1900,0.2000
2003-09-25,0.2100,0.2000
2003-09-26,0.2000,0.2100
2003-09-29,0.2100,0.1800
2003-09-30,0.1900,0.1800
2003-10-01,0.1800,0.2100
2003-10-02,0.2300,0.2300
2003-10-03,0.2200,0.2400
2003-10-06,0.2300,0.2300
2003-10-07,0.2200,0.2900
2003-10-08,0.3000,0.3000
2003-10-09,0.3000,0.3000
2003-10-10,0.3000,0.3100
2003-10-13,0.3000,0.3000
2003-10-14,0.2800,0.2600
2003-10-15,0.2600,0.2800
2003-10-16,0.2600,0.2600
2003-10-17,0.2700,0.2600
2003-10-20,0.2800,0.2900
2003-10-21,0.2600,0.2600
2003-10-22,0.2600,0.2700
2003-10-23,0.2900,0.3200
2003-10-24,0.3000,0.2900
2003-10-27,0.3000,0.3000
2003-10-28,0.2700,0.2900
2003-10-29,0.2800,0.3000
2003-10-30,0.3000,0.2800
2003-10-31,0.2500,0.2800
2003-11-03,0.2600,0.2200
2003-11-04,0.2200,0.2000
2003-11-05,0.2000,0.2400
2003-11-06,0.2400,0.2300
2003-11-07,0.2200,0.2400
2003-11-10,0.2200,0.2500
2003-11-11,0.2200,0.2500
2003-11-12,0.2300,0.2400
2003-11-13,0.2400,0.2300
2003-11-14,0.2300,0.2300
2003-11-17,0.2300,0.2200
2003-11-18,0.2200,0.2300
2003-11-19,0.2200,0.2300
2003-11-20,0.2300,0.2100
2003-11-21,0.2100,0.2100
2003-11-24,0.2000,0.2000
2003-11-25,0.1900,0.2100
2003-11-26,0.2100,0.2000
2003-11-28,0.2000,0.2000
2003-12-01,0.2000,0.1800
2003-12-02,0.2000,0.1800
2003-12-03,0.1800,0.1700
2003-12-04,0.1600,0.1600
2003-12-05,0.1500,0.1600
2003-12-08,0.1600,0.1500
2003-12-09,0.1500,0.1500
2003-12-10,0.1400,0.1500
2003-12-11,0.1500,0.1500
2003-12-12,0.1500,0.1400
2003-12-15,0.1400,0.1400
2003-12-16,0.1400,0.1200
2003-12-17,0.1300,0.1700
2003-12-18,0.1700,0.2500
2003-12-19,0.2400,0.2400
2003-12-22,0.2400,0.1900
2003-12-23,0.1800,0.2000
2003-12-24,0.2000,0.2000
2003-12-26,0.2000,0.2200
2003-12-29,0.2000,0.2500
2003-12-30,0.2500,0.2500
2003-12-31,0.2300,0.2300
2004-01-02,0.2300,0.2300
2004-01-05,0.2300,0.2200
2004-01-06,0.2100,0.2200
2004-01-07,0.2100,0.2100
2004-01-08,0.2100,0.2300
2004-01-09,0.2500,0.2400
2004-01-12,0.2300,0.2500
2004-01-13,0.2500,0.2600
2004-01-14,0.2600,0.2700
2004-01-15,0.2700,0.2500
2004-01-16,0.2500,0.2500
2004-01-20,0.2500,0.2700
2004-01-21,0.2600,0.2500
2004-01-22,0.2800,0.2500
2004-01-23,0.2500,0.2500
2004-01-26,0.2500,0.2300
2004-01-27,0.2300,0.2200
2004-01-28,0.2000,0.2100
2004-01-29,0.2300,0.2100
2004-01-30,0.2100,0.2300
2004-02-02,0.2300,0.2300
2004-02-03,0.2300,0.2200
2004-02-04,0.2200,0.2100
2004-02-05,0.2000,0.2100
2004-02-06,0.1900,0.1900
2004-02-09,0.2000,0.2100
2004-02-10,0.2100,0.2100
2004-02-11,0.2100,0.2000
2004-02-12,0.1900,0.2000
2004-02-13,0.1900,0.2000
2004-02-17,0.1900,0.2000
2004-02-18,0.1900,0.2000
2004-02-19,0.2100,0.2000
2004-02-20,0.1900,0.1800
2004-02-23,0.1800,0.1700
2004-02-24,0.1700,0.1900
2004-02-25,0.1700,0.1800
2004-02-26,0.1800,0.1800
2004-02-27,0.1800,0.1900
2004-03-01,0.1900,0.1900
2004-03-02,0.2700,0.1900
2004-03-03,0.2000,0.2500
2004-03-04,0.2000,0.2400
2004-03-05,0.2200,0.2200
2004-03-08,0.2000,0.2000
2004-03-09,0.1900,0.1900
2004-03-10,0.1900,0.1900
2004-03-11,0.1900,0.1900
2004-03-12,0.1900,0.1900
2004-03-15,0.1900,0.1900
2004-03-16,0.1900,0.2000
2004-03-17,0.2000,0.2000
2004-03-18,0.2000,0.1900
2004-03-19,0.1800,0.1800
2004-03-22,0.1800,0.1700
2004-03-23,0.1700,0.1700
2004-03-24,0.1700,0.1700
2004-03-25,0.1600,0.1600
2004-03-26,0.1600,0.1600
2004-03-29,0.1600,0.1600
2004-03-30,0.1700,0.1600
2004-03-31,0.2000,0.1600
2004-04-01,0.1600,0.1600
2004-04-02,0.1600,0.1600
2004-04-05,0.1600,0.1600
2004-04-06,0.1600,0.1600
2004-04-07,0.1600,0.1700
2004-04-08,0.1700,0.1600
2004-04-12,0.1600,0.1600
2004-04-13,0.1600,0.1600
2004-04-14,0.1600,0.1600
2004-04-15,0.1600,0.1600
2004-04-16,0.1500,0.1500
2004-04-19,0.1500,0.1500
2004-04-20,0.1500,0.1500
2004-04-21,0.1500,0.1500
2004-04-22,0.1400,0.1400
2004-04-23,0.1400,0.1400
2004-04-26,0.1500,0.1500
2004-04-27,0.1500,0.1500
2004-04-28,0.1500,0.1500
2004-04-29,0.1500,0.1700
2004-04-30,0.1500,0.1500
2004-05-03,0.1400,0.1300
2004-05-04,0.1200,0.1200
2004-05-05,0.1200,0.1300
2004-05-06,0.1200,0.1300
2004-05-07,0.1100,0.1100
2004-05-10,0.1100,0.1200
2004-05-11,0.1300,0.1300
2004-05-12,0.1300,0.1300
2004-05-13,0.1300,0.1300
2004-05-14,0.1300,0.1300
2004-05-17,0.1400,0.1400
2004-05-18,0.1400,0.1500
2004-05-19,0.1400,0.1400
2004-05-20,0.1400,0.1300
2004-05-21,0.1300,0.1400
2004-05-24,0.1400,0.1300
2004-05-25,0.1300,0.1300
2004-05-26,0.1300,0.1300
2004-05-27,0.1300,0.1400
2004-05-28,0.1300,0.1400
2004-06-01,0.1400,0.1300
2004-06-02,0.1300,0.1500
2004-06-03,0.1600,0.1400
2004-06-04,0.1500,0.1400
2004-06-07,0.1300,0.1300
2004-06-08,0.1400,0.1400
2004-06-09,0.1500,0.1300
2004-06-10,0.1500,0.1300
2004-06-14,0.1300,0.1300
2004-06-15,0.1300,0.1300
2004-06-16,0.1300,0.1400
2004-06-17,0.1300,0.1500
2004-06-18,0.1400,0.1400
2004-06-21,0.1400,0.1500
2004-06-22,0.1500,0.1500
2004-06-23,0.1500,0.1500
2004-06-24,0.1500,0.1500
2004-06-25,0.1500,0.1500
2004-06-28,0.1500,0.1500
2004-06-29,0.1500,0.1500
2004-06-30,0.1500,0.1500
2004-07-01,0.1500,0.1500
2004-07-02,0.1500,0.1500
2004-07-06,0.1500,0.1500
2004-07-07,0.1600,0.1600
2004-07-08,0.1500,0.1500
2004-07-09,0.1500,0.1500
2004-07-12,0.1500,0.1500
2004-07-13,0.1500,0.1500
2004-07-14,0.1600,0.1500
2004-07-15,0.1500,0.1500
2004-07-16,0.1500,0.1500
2004-07-19,0.1500,0.1500
2004-07-20,0.1600,0.1600
2004-07-21,0.1600,0.1600
2004-07-22,0.1500,0.1600
2004-07-23,0.1700,0.1500
2004-07-26,0.1500,0.1500
2004-07-27,0.1500,0.1500
2004-07-28,0.1500,0.1500
2004-07-29,0.1500,0.1500
2004-07-30,0.1500,0.1600
2004-08-02,0.1600,0.1600
2004-08-03,0.1500,0.1500
2004-08-04,0.1500,0.1500
2004-08-05,0.1500,0.1600
2004-08-06,0.1500,0.1700
2004-08-09,0.1700,0.1500
2004-08-10,0.1500,0.1600
2004-08-11,0.1600,0.1500
2004-08-12,0.1500,0.1500
2004-08-13,0.1500,0.1500
2004-08-16,0.1500,0.1500
2004-08-17,0.1500,0.1900
2004-08-18,0.1800,0.1900
2004-08-19,0.1900,0.2400
2004-08-20,0.2300,0.2400
2004-08-23,0.2600,0.2700
2004-08-24,0.2600,0.2600
2004-08-25,0.2600,0.2600
2004-08-26,0.2600,0.2600
2004-08-27,0.2600,0.2600
2004-08-30,0.2500,0.2300
2004-08-31,0.2100,0.2400
2004-09-01,0.2500,0.2000
2004-09-02,0.2000,0.2100
2004-09-03,0.2000,0.2000
2004-09-07,0.2000,0.2000
2004-09-08,0.2100,0.2100
2004-09-09,0.2100,0.2000
2004-09-10,0.2000,0.2100
2004-09-13,0.2100,0.2500
2004-09-14,0.2500,0.2500
2004-09-15,0.2500,0.2400
2004-09-16,0.2600,0.2500
2004-09-17,0.2400,0.2500
2004-09-20,0.2400,0.2500
2004-09-21,0.2500,0.2500
2004-09-22,0.2500,0.2500
2004-09-23,0.2500,0.2500
2004-09-24,0.2500,0.2300
2004-09-27,0.2600,0.2600
2004-09-28,0.2200,0.2200
2004-09-29,0.2300,0.2300
2004-09-30,0.2600,0.2600
2004-10-01,0.2700,0.2500
2004-10-04,0.2500,0.2600
2004-10-05,0.2500,0.2200
2004-10-06,0.2400,0.2600
2004-10-07,0.2400,0.2600
2004-10-08,0.2400,0.2300
2004-10-11,0.2300,0.2300
2004-10-12,0.2300,0.2300
2004-10-13,0.2500,0.2300
2004-10-14,0.2300,0.2300
2004-10-15,0.2300,0.2300
2004-10-18,0.2400,0.2000
2004-10-19,0.2400,0.1800
2004-10-20,0.1800,0.1900
2004-10-21,0.1900,0.1900
2004-10-22,0.1800,0.2000
2004-10-25,0.1800,0.2100
2004-10-26,0.1800,0.1800
2004-10-27,0.1800,0.1700
2004-10-28,0.1700,0.1700
2004-10-29,0.1800,0.2000
2004-11-01,0.1700,0.1800
2004-11-02,0.1700,0.1900
2004-11-03,0.1900,0.1900
2004-11-04,0.1800,0.2300
2004-11-05,0.1800,0.1800
2004-11-08,0.1800,0.1800
2004-11-09,0.2000,0.2000
2004-11-10,0.1900,0.1900
2004-11-11,0.1800,0.1900
2004-11-12,0.1700,0.1600
2004-11-15,0.1600,0.1600
2004-11-16,0.1600,0.1800
2004-11-17,0.1600,0.1800
2004-11-18,0.1600,0.1900
2004-11-19,0.1900,0.2000
2004-11-22,0.1700,0.1900
2004-11-23,0.1800,0.1900
2004-11-24,0.1800,0.2000
2004-11-26,0.1900,0.1900
2004-11-29,0.1900,0.1800
2004-11-30,0.1600,0.1600
2004-12-01,0.1600,0.1600
2004-12-02,0.1600,0.1600
2004-12-03,0.1600,0.1600
2004-12-06,0.1600,0.1600
2004-12-07,0.1600,0.1600
2004-12-08,0.1600,0.1600
2004-12-09,0.1600,0.1600
2004-12-10,0.1600,0.1600
2004-12-13,0.1600,0.1600
2004-12-14,0.1600,0.2400
2004-12-15,0.2300,0.2400
2004-12-16,0.2300,0.2600
2004-12-17,0.2400,0.3500
2004-12-20,0.3100,0.3600
2004-12-21,0.3700,0.3300
2004-12-22,0.3400,0.3100
2004-12-23,0.3000,0.3500
2004-12-27,0.3600,0.4000
2004-12-28,0.3700,0.4300
2004-12-29,0.3800,0.4000
2004-12-30,0.3900,0.3900
2004-12-31,0.3900,0.4500
2005-01-03,0.4800,0.4500
2005-01-04,0.4500,0.4400
2005-01-05,0.3500,0.4000
2005-01-06,0.3500,0.3500
2005-01-07,0.4000,0.3600
2005-01-10,0.3500,0.3100
2005-01-11,0.3000,0.3000
2005-01-12,0.3000,0.3700
2005-01-13,0.3500,0.3200
2005-01-14,0.3200,0.3000
2005-01-18,0.3000,0.3200
2005-01-19,0.3300,0.3000
2005-01-20,0.3500,0.3500
2005-01-21,0.3700,0.4000
2005-01-24,0.3700,0.3300
2005-01-25,0.4000,0.3300
2005-01-26,0.3300,0.3300
2005-01-27,0.3300,0.3000
2005-01-28,0.2900,0.3100
2005-01-31,0.2900,0.3100
2005-02-01,0.2900,0.3000
2005-02-02,0.2600,0.2800
2005-02-03,0.2800,0.3200
2005-02-04,0.3000,0.3300
2005-02-07,0.3200,0.3000
2005-02-08,0.3000,0.3600
2005-02-09,0.3100,0.3100
2005-02-10,0.2900,0.2800
2005-02-11,0.2400,0.2800
2005-02-14,0.2600,0.2400
2005-02-15,0.2600,0.3000
2005-02-16,0.3000,0.3300
2005-02-17,0.3400,0.3400
2005-02-18,0.3300,0.3500
2005-02-22,0.3500,0.3500
2005-02-23,0.3500,0.3200
2005-02-24,0.3200,0.3300
2005-02-25,0.3000,0.4300
2005-02-28,0.4500,0.4700
2005-03-01,0.4700,0.4300
2005-03-02,0.4300,0.4300
2005-03-03,0.4300,0.4500
2005-03-04,0.4500,0.4500
2005-03-07,0.4000,0.3500
2005-03-08,0.3600,0.3100
2005-03-09,0.3000,0.3400
2005-03-10,0.3500,0.3400
2005-03-11,0.3400,0.3300
2005-03-14,0.3100,0.3000
2005-03-15,0.3000,0.2900
2005-03-16,0.2900,0.3100
2005-03-17,0.2800,0.2800
2005-03-18,0.2600,0.2500
2005-03-21,0.2300,0.2600
2005-03-22,0.2500,0.2000
2005-03-23,0.2100,0.2400
2005-03-24,0.2400,0.2100
2005-03-28,0.2200,0.2600
2005-03-29,0.2600,0.2200
2005-03-30,0.2200,0.2100
2005-03-31,0.1800,0.2300
2005-04-01,0.2000,0.2300
2005-04-04,0.1800,0.1900
2005-04-05,0.2000,0.2300
2005-04-06,0.2300,0.2900
2005-04-07,0.2900,0.2500
2005-04-08,0.2700,0.2800
2005-04-11,0.3000,0.2800
2005-04-12,0.2700,0.2700
2005-04-13,0.2700,0.2600
2005-04-14,0.2600,0.2500
2005-04-15,0.2500,0.2300
2005-04-18,0.2100,0.2000
2005-04-19,0.2000,0.2300
2005-04-20,0.2000,0.2200
2005-04-21,0.2000,0.1900
2005-04-22,0.1900,0.1800
2005-04-25,0.1800,0.1700
2005-04-26,0.1600,0.1700
2005-04-27,0.1700,0.1600
2005-04-28,0.1600,0.1600
2005-04-29,0.1600,0.1800
2005-05-02,0.1700,0.1700
2005-05-03,0.1600,0.1600
2005-05-04,0.1600,0.1600
2005-05-05,0.1500,0.1500
2005-05-06,0.1400,0.1200
2005-05-09,0.1100,0.1100
2005-05-10,0.1100,0.1100
2005-05-11,0.1200,0.1200
2005-05-12,0.1400,0.1300
2005-05-13,0.1400,0.1600
2005-05-16,0.1500,0.1400
2005-05-17,0.1500,0.1600
2005-05-18,0.1400,0.1800
2005-05-19,0.2000,0.2000
2005-05-20,0.2000,0.2200
2005-05-23,0.2200,0.2200
2005-05-24,0.1800,0.1800
2005-05-25,0.1700,0.1700
2005-05-26,0.1700,0.1500
2005-05-27,0.1500,0.1400
2005-05-31,0.1500,0.1600
2005-06-01,0.1600,0.1400
2005-06-02,0.1500,0.1600
2005-06-03,0.1400,0.1500
2005-06-06,0.1500,0.1500
2005-06-07,0.1600,0.1600
2005-06-08,0.1600,0.1600
2005-06-09,0.1600,0.1400
2005-06-10,0.1500,0.1600
2005-06-13,0.1600,0.1600
2005-06-14,0.1500,0.1500
2005-06-15,0.1600,0.1600
2005-06-16,0.1500,0.1500
2005-06-17,0.1600,0.1500
2005-06-20,0.1500,0.1500
2005-06-21,0.1500,0.1400
2005-06-22,0.1400,0.1400
2005-06-23,0.1400,0.1400
2005-06-24,0.1400,0.1400
2005-06-27,0.1300,0.1300
2005-06-28,0.1300,0.1300
2005-06-29,0.1300,0.1300
2005-06-30,0.1300,0.1300
2005-07-01,0.1100,0.0900
2005-07-05,0.1000,0.1000
2005-07-06,0.1000,0.1000
2005-07-07,0.1000,0.1000
2005-07-08,0.1600,0.1000
2005-07-11,0.1000,0.1000
2005-07-12,0.1100,0.1300
2005-07-13,0.1000,0.1000
2005-07-14,0.1000,0.1000
2005-07-15,0.1000,0.0900
2005-07-18,0.1600,0.1000
2005-07-19,0.1000,0.1100
2005-07-20,0.1100,0.1000
2005-07-21,0.1000,0.1000
2005-07-22,0.1000,0.1000
2005-07-25,0.1600,0.1000
2005-07-26,0.1000,0.1100
2005-07-27,0.1000,0.1100
2005-07-28,0.1600,0.1000
2005-07-29,0.1000,0.1100
2005-08-01,0.1000,0.1000
2005-08-02,0.1100,0.1100
2005-08-03,0.1100,0.1100
2005-08-04,0.1000,0.1000
2005-08-05,0.1000,0.1000
2005-08-08,0.1000,0.1000
2005-08-09,0.1100,0.1000
2005-08-10,0.0900,0.0900
2005-08-11,0.0900,0.0900
2005-08-12,0.0900,0.0900
2005-08-15,0.0900,0.0900
2005-08-16,0.0900,0.0800
2005-08-17,0.0800,0.0700
2005-08-18,0.0700,0.0700
2005-08-19,0.0700,0.0700
2005-08-22,0.0700,0.0700
2005-08-23,0.0700,0.0700
2005-08-24,0.0700,0.0700
2005-08-25,0.0700,0.0700
2005-08-26,0.0700,0.0700
2005-08-29,0.0700,0.0700
2005-08-30,0.0700,0.0700
2005-08-31,0.0800,0.0800
2005-09-01,0.0900,0.0900
2005-09-02,0.0700,0.0700
2005-09-06,0.0700,0.0700
2005-09-07,0.1600,0.0700
2005-09-08,0.0700,0.0700
2005-09-09,0.0700,0.0700
2005-09-12,0.0700,0.0700
2005-09-13,0.0700,0.0700
2005-09-14,0.0700,0.1000
2005-09-15,0.0700,0.0700
2005-09-16,0.0700,0.0700
2005-09-19,0.0700,0.0700
2005-09-20,0.0700,0.0800
2005-09-21,0.0700,0.0700
2005-09-22,0.0700,0.0700
2005-09-23,0.0700,0.0900
2005-09-26,0.0700,0.0700
2005-09-27,0.0700,0.0700
2005-09-28,0.1000,0.1000
2005-09-29,0.1000,0.1000
2005-09-30,0.1000,0.1000
2005-10-03,0.1000,0.1000
2005-10-04,0.1000,0.1000
2005-10-05,0.1200,0.1500
2005-10-06,0.1400,0.1400
2005-10-07,0.1500,0.1500
2005-10-10,0.1600,0.1800
2005-10-11,0.1600,0.1200
2005-10-12,0.1500,0.1200
2005-10-13,0.1200,0.1200
2005-10-14,0.1200,0.1200
2005-10-17,0.1200,0.1200
2005-10-18,0.1200,0.1400
2005-10-19,0.1400,0.1400
2005-10-20,0.1300,0.1400
2005-10-21,0.1400,0.1400
2005-10-24,0.1500,0.1500
2005-10-25,0.1400,0.1400
2005-10-26,0.1400,0.1400
2005-10-27,0.1400,0.1400
2005-10-28,0.1600,0.1600
2005-10-31,0.1200,0.1300
2005-11-01,0.1500,0.1700
2005-11-02,0.1200,0.1200
2005-11-03,0.1600,0.1900
2005-11-04,0.1700,0.1700
2005-11-07,0.1300,0.1800
2005-11-08,0.1300,0.1800
2005-11-09,0.1600,0.1500
2005-11-10,0.1600,0.1900
2005-11-11,0.1900,0.1900
2005-11-14,0.1600,0.1600
2005-11-15,0.1600,0.1600
2005-11-16,0.1600,0.1900
2005-11-17,0.1500,0.1900
2005-11-18,0.1800,0.1800
2005-11-21,0.1600,0.1700
2005-11-22,0.1900,0.1800
2005-11-23,0.1500,0.1700
2005-11-25,0.1600,0.1600
2005-11-28,0.1300,0.1400
2005-11-29,0.1400,0.1200
2005-11-30,0.1200,0.1200
2005-12-01,0.1400,0.1500
2005-12-02,0.1500,0.1500
2005-12-05,0.1400,0.1400
2005-12-06,0.1500,0.1500
2005-12-07,0.1500,0.1500
2005-12-08,0.1400,0.1400
2005-12-09,0.1400,0.1800
2005-12-12,0.1500,0.1600
2005-12-13,0.1500,0.1600
2005-12-14,0.1500,0.1400
2005-12-15,0.1400,0.1500
2005-12-16,0.1500,0.1500
2005-12-19,0.1500,0.1600
2005-12-20,0.1500,0.1400
2005-12-21,0.1400,0.1300
2005-12-22,0.1300,0.1200
2005-12-23,0.1200,0.1200
2005-12-27,0.1200,0.1100
2005-12-28,0.1100,0.1100
2005-12-29,0.1100,0.1100
2005-12-30,0.1100,0.1100
2006-01-03,0.1100,0.1100
2006-01-04,0.1100,0.1100
2006-01-05,0.1100,0.1000
2006-01-06,0.1100,0.1200
2006-01-09,0.1100,0.1100
2006-01-10,0.1100,0.1200
2006-01-11,0.1000,0.1000
2006-01-12,0.1000,0.1200
2006-01-13,0.1100,0.1000
2006-01-17,0.1000,0.1100
2006-01-18,0.1100,0.1100
2006-01-19,0.1100,0.1100
2006-01-20,0.1100,0.1100
2006-01-23,0.1000,0.1100
2006-01-24,0.1000,0.1000
2006-01-25,0.1000,0.1000
2006-01-26,0.1000,0.1000
2006-01-27,0.1000,0.1100
2006-01-30,0.1000,0.1000
2006-01-31,0.1000,0.1100
2006-02-01,0.1100,0.1400
2006-02-02,0.1200,0.1200
2006-02-03,0.1100,0.1100
2006-02-06,0.1100,0.1300
2006-02-07,0.1300,0.1300
2006-02-08,0.1300,0.1300
2006-02-09,0.1400,0.1400
2006-02-10,0.1600,0.1600
2006-02-13,0.1400,0.1400
2006-02-14,0.1400,0.1400
2006-02-15,0.1500,0.1600
2006-02-16,0.1400,0.1400
2006-02-17,0.1400,0.1300
2006-02-21,0.1400,0.1500
2006-02-22,0.1500,0.1600
2006-02-23,0.1400,0.1500
2006-02-24,0.1600,0.1400
2006-02-27,0.1500,0.1500
2006-02-28,0.1700,0.1700
2006-03-01,0.1600,0.1800
2006-03-02,0.1600,0.1600
2006-03-03,0.1600,0.1800
2006-03-06,0.1600,0.1500
2006-03-07,0.1400,0.1200
2006-03-08,0.1400,0.1400
2006-03-09,0.1600,0.1500
2006-03-10,0.1300,0.1600
2006-03-13,0.1500,0.1500
2006-03-14,0.1500,0.1400
2006-03-15,0.1400,0.1500
2006-03-16,0.1600,0.1500
2006-03-17,0.1400,0.1400
2006-03-20,0.1400,0.1600
2006-03-21,0.1500,0.1500
2006-03-22,0.1500,0.1600
2006-03-23,0.1600,0.1600
2006-03-24,0.1600,0.1600
2006-03-27,0.1700,0.1600
2006-03-28,0.1600,0.1600
2006-03-29,0.1600,0.1600
2006-03-30,0.1500,0.1500
2006-03-31,0.1500,0.1500
2006-04-03,0.1500,0.1500
2006-04-04,0.1500,0.1500
2006-04-05,0.1500,0.1500
2006-04-06,0.1200,0.1200
2006-04-07,0.1200,0.1200
2006-04-10,0.1200,0.1200
2006-04-11,0.1200,0.1200
2006-04-12,0.1200,0.1200
2006-04-13,0.1300,0.1300
2006-04-17,0.1300,0.1300
2006-04-18,0.1400,0.1300
2006-04-19,0.1300,0.1300
2006-04-20,0.1200,0.1300
2006-04-21,0.1300,0.1300
2006-04-24,0.1200,0.1200
2006-04-25,0.1300,0.1300
2006-04-26,0.1400,0.1400
2006-04-27,0.1400,0.1400
2006-04-28,0.1500,0.1500
2006-05-01,0.1500,0.1600
2006-05-02,0.1600,0.1600
2006-05-03,0.1200,0.1700
2006-05-04,0.1700,0.1700
2006-05-05,0.1500,0.1400
2006-05-08,0.1200,0.1200
2006-05-09,0.1700,0.1700
2006-05-10,0.1300,0.1300
2006-05-11,0.1400,0.1400
2006-05-12,0.1300,0.1300
2006-05-15,0.1300,0.1300
2006-05-16,0.1300,0.1400
2006-05-17,0.1400,0.1200
2006-05-18,0.1200,0.1400
2006-05-19,0.1400,0.1300
2006-05-22,0.1200,0.1200
2006-05-23,0.1200,0.1200
2006-05-24,0.1300,0.1300
2006-05-25,0.1200,0.1200
2006-05-26,0.1200,0.1200
2006-05-30,0.1200,0.1200
2006-05-31,0.1200,0.1200
2006-06-01,0.1200,0.1200
2006-06-02,0.1200,0.1300
2006-06-05,0.1300,0.1300
2006-06-06,0.1300,0.1300
2006-06-07,0.1300,0.1300
2006-06-08,0.1300,0.1300
2006-06-09,0.1300,0.1300
2006-06-12,0.1300,0.1300
2006-06-13,0.1300,0.1300
2006-06-14,0.1300,0.1400
2006-06-15,0.1400,0.1400
2006-06-16,0.1300,0.1300
2006-06-19,0.1300,0.1300
2006-06-20,0.1300,0.1300
2006-06-21,0.1300,0.1300
2006-06-22,0.1400,0.1200
2006-06-23,0.1200,0.1200
2006-06-26,0.1200,0.1200
2006-06-27,0.1200,0.1600
2006-06-28,0.1700,0.1500
2006-06-29,0.1500,0.1500
2006-06-30,0.1500,0.1600
2006-07-03,0.1600,0.1600
2006-07-05,0.1300,0.1600
2006-07-06,0.1500,0.1600
2006-07-07,0.1500,0.1700
2006-07-10,0.1600,0.1700
2006-07-11,0.1500,0.2000
2006-07-12,0.1700,0.1700
2006-07-13,0.1700,0.1700
2006-07-14,0.1700,0.1700
2006-07-17,0.1800,0.1900
2006-07-18,0.1700,0.1900
2006-07-19,0.1700,0.1700
2006-07-20,0.1700,0.1700
2006-07-21,0.1700,0.1700
2006-07-24,0.1700,0.1700
2006-07-25,0.1600,0.1600
2006-07-26,0.1600,0.1600
2006-07-27,0.1600,0.1600
2006-07-28,0.1600,0.1600
2006-07-31,0.1600,0.1700
2006-08-01,0.1700,0.1700
2006-08-02,0.1900,0.1600
2006-08-03,0.1600,0.1700
2006-08-04,0.1500,0.1500
2006-08-07,0.1500,0.1500
2006-08-08,0.1500,0.1500
2006-08-09,0.1500,0.1500
2006-08-10,0.1500,0.1500
2006-08-11,0.1100,0.1600
2006-08-14,0.1600,0.1600
2006-08-15,0.1800,0.1600
2006-08-16,0.1600,0.1600
2006-08-17,0.1600,0.1600
2006-08-18,0.1600,0.1600
2006-08-21,0.1600,0.1800
2006-08-22,0.2000,0.2100
2006-08-23,0.1900,0.2400
2006-08-24,0.2300,0.2000
2006-08-25,0.2200,0.2100
2006-08-28,0.2200,0.2200
2006-08-29,0.2100,0.2100
2006-08-30,0.2200,0.2300
2006-08-31,0.2500,0.2500
2006-09-01,0.2300,0.2300
2006-09-05,0.2300,0.2300
2006-09-06,0.2300,0.2300
2006-09-07,0.2300,0.2300
2006-09-08,0.2300,0.2300
2006-09-11,0.2300,0.2300
2006-09-12,0.2700,0.2400
2006-09-13,0.2300,0.2300
2006-09-14,0.2400,0.2500
2006-09-15,0.2600,0.2500
2006-09-18,0.2300,0.2000
2006-09-19,0.2000,0.2000
2006-09-20,0.1700,0.1700
2006-09-21,0.1700,0.1700
2006-09-22,0.1700,0.1700
2006-09-25,0.1700,0.1700
2006-09-26,0.1500,0.1600
2006-09-27,0.1600,0.1600
2006-09-28,0.1600,0.1600
2006-09-29,0.1600,0.1700
2006-10-02,0.1700,0.1700
2006-10-03,0.1700,0.1700
2006-10-04,0.1700,0.1700
2006-10-05,0.1700,0.1500
2006-10-06,0.1600,0.1600
2006-10-09,0.1600,0.1600
2006-10-10,0.1500,0.1500
2006-10-11,0.1500,0.1500
2006-10-12,0.1500,0.1500
2006-10-13,0.1500,0.1500
2006-10-16,0.1500,0.1500
2006-10-17,0.1500,0.1500
2006-10-18,0.1500,0.1500
2006-10-19,0.1500,0.1500
2006-10-20,0.2000,0.2000
2006-10-23,0.2000,0.2000
2006-10-24,0.1500,0.1500
2006-10-25,0.1500,0.1500
2006-10-26,0.1500,0.1500
2006-10-27,0.1500,0.1500
2006-10-30,0.1500,0.1500
2006-10-31,0.1500,0.1500
2006-11-01,0.1500,0.1500
2006-11-02,0.1500,0.1500
2006-11-03,0.1700,0.1700
2006-11-06,0.1600,0.1600
2006-11-07,0.1600,0.1600
2006-11-08,0.1600,0.1600
2006-11-09,0.1600,0.1600
2006-11-10,0.1900,0.2000
2006-11-13,0.1900,0.2000
2006-11-14,0.1900,0.2300
2006-11-15,0.2000,0.2400
2006-11-16,0.2200,0.2200
2006-11-17,0.2200,0.2400
2006-11-20,0.2200,0.2200
2006-11-21,0.2400,0.2400
2006-11-22,0.2400,0.2300
2006-11-24,0.2300,0.2300
2006-11-27,0.2300,0.2300
2006-11-28,0.2200,0.2200
2006-11-29,0.2200,0.2300
2006-11-30,0.2200,0.2200
2006-12-01,0.2200,0.2300
2006-12-04,0.2200,0.2200
2006-12-05,0.2200,0.2500
2006-12-06,0.2500,0.2400
2006-12-07,0.2400,0.2400
2006-12-08,0.2400,0.2400
2006-12-11,0.2700,0.3000
2006-12-12,0.2900,0.2900
2006-12-13,0.2500,0.2900
2006-12-14,0.2500,0.2500
2006-12-15,0.3000,0.3000
2006-12-18,0.2600,0.2800
2006-12-19,0.2700,0.3200
2006-12-20,0.3200,0.3100
2006-12-21,0.3100,0.2700
2006-12-22,0.2700,0.2500
2006-12-26,0.2500,0.2500
2006-12-27,0.3000,0.3000
2006-12-28,0.2500,0.2500
2006-12-29,0.2500,0.3000
2007-01-03,0.2500,0.2700
2007-01-04,0.2700,0.2700
2007-01-05,0.2700,0.2500
2007-01-08,0.2500,0.2100
2007-01-09,0.2100,0.1700
2007-01-10,0.1600,0.1400
2007-01-11,0.1500,0.1400
2007-01-12,0.1500,0.1400
2007-01-16,0.1300,0.2200
2007-01-17,0.2300,0.2250
2007-01-18,0.2400,0.2300
2007-01-19,0.2300,0.2200
2007-01-22,0.2200,0.2200
2007-01-23,0.2200,0.2300
2007-01-24,0.2400,0.2200
2007-01-25,0.2200,0.2200
2007-01-26,0.2200,0.2200
2007-01-29,0.2400,0.2400
2007-01-30,0.2400,0.2400
2007-01-31,0.2500,0.2500
2007-02-01,0.2500,0.2500
2007-02-02,0.2300,0.2500
2007-02-05,0.2400,0.2700
2007-02-06,0.2700,0.2700
2007-02-07,0.2400,0.2700
2007-02-08,0.2400,0.2500
2007-02-09,0.2400,0.2400
2007-02-12,0.2400,0.2500
2007-02-13,0.2400,0.2400
2007-02-14,0.2500,0.2500
2007-02-15,0.2500,0.2600
2007-02-16,0.2500,0.2500
2007-02-20,0.2400,0.2500
2007-02-21,0.2400,0.2500
2007-02-22,0.2400,0.2500
2007-02-23,0.2600,0.2600
2007-02-26,0.2600,0.2600
2007-02-27,0.2400,0.2400
2007-02-28,0.2600,0.2600
2007-03-01,0.2400,0.2400
2007-03-02,0.2400,0.2400
2007-03-05,0.2400,0.2400
2007-03-06,0.2400,0.2400
2007-03-07,0.2300,0.2400
2007-03-08,0.2400,0.2400
2007-03-09,0.2400,0.2500
2007-03-12,0.2500,0.2500
2007-03-13,0.2500,0.2500
2007-03-14,0.2400,0.2400
2007-03-15,0.2400,0.2400
2007-03-16,0.2400,0.2400
2007-03-19,0.2500,0.2500
2007-03-20,0.2500,0.2400
2007-03-21,0.2400,0.2400
2007-03-22,0.2400,0.2400
2007-03-23,0.2400,0.2400
2007-03-26,0.2500,0.2400
2007-03-27,0.2400,0.2400
2007-03-28,0.2300,0.2300
2007-03-29,0.2300,0.2300
2007-03-30,0.2300,0.2400
2007-04-02,0.2500,0.2300
2007-04-03,0.2300,0.2300
2007-04-04,0.2500,0.2500
2007-04-05,0.2500,0.2300
2007-04-09,0.2500,0.2500
2007-04-10,0.2500,0.2500
2007-04-11,0.2300,0.2300
2007-04-12,0.2300,0.2300
2007-04-13,0.2300,0.2300
2007-04-16,0.2300,0.2300
2007-04-17,0.2300,0.2500
2007-04-18,0.2300,0.2400
2007-04-19,0.2300,0.2300
2007-04-20,0.2300,0.2400
2007-04-23,0.2400,0.2400
2007-04-24,0.2300,0.2400
2007-04-25,0.2300,0.2300
2007-04-26,0.2300,0.2300
2007-04-27,0.2300,0.2300
2007-04-30,0.2300,0.2300
2007-05-01,0.2300,0.2300
2007-05-02,0.2300,0.2300
2007-05-03,0.2400,0.2300
2007-05-04,0.2200,0.2300
2007-05-07,0.2200,0.2100
2007-05-08,0.2200,0.2300
2007-05-09,0.2100,0.2100
2007-05-10,0.2100,0.2300
2007-05-11,0.2300,0.2700
2007-05-14,0.2900,0.3000
2007-05-15,0.3000,0.2900
2007-05-16,0.3000,0.2900
2007-05-17,0.2900,0.2900
2007-05-18,0.2900,0.2900
2007-05-21,0.2850,0.3000
2007-05-22,0.2900,0.3000
2007-05-23,0.2850,0.2700
2007-05-24,0.2700,0.2700
2007-05-25,0.2700,0.2800
2007-05-29,0.2600,0.2400
2007-05-30,0.2600,0.2600
2007-05-31,0.2500,0.2600
2007-06-01,0.2500,0.2400
2007-06-04,0.2400,0.2500
2007-06-05,0.2400,0.2400
2007-06-06,0.2400,0.2400
2007-06-07,0.2400,0.2400
2007-06-08,0.2475,0.2475
2007-06-11,0.2300,0.2500
2007-06-12,0.2300,0.2300
2007-06-13,0.2300,0.2400
2007-06-14,0.2500,0.2300
2007-06-15,0.2300,0.2300
2007-06-18,0.2200,0.2200
2007-06-19,0.2200,0.2200
2007-06-20,0.2200,0.2200
2007-06-21,0.2200,0.2100
2007-06-22,0.2100,0.2030
2007-06-25,0.1900,0.2000
2007-06-26,0.2100,0.2000
2007-06-27,0.2200,0.2200
2007-06-28,0.2200,0.2200
2007-06-29,0.2200,0.2200
2007-07-02,0.2100,0.2300
2007-07-03,0.2200,0.2200
2007-07-05,0.2200,0.2200
2007-07-06,0.2400,0.2400
2007-07-09,0.2300,0.2500
2007-07-10,0.2500,0.2500
2007-07-11,0.2400,0.2000
2007-07-12,0.2050,0.2350
2007-07-13,0.2300,0.2300
2007-07-16,0.2300,0.2400
2007-07-17,0.2300,0.2300
2007-07-18,0.2300,0.2400
2007-07-19,0.2300,0.2400
2007-07-20,0.2400,0.2400
2007-07-23,0.2400,0.2400
2007-07-24,0.2400,0.2400
2007-07-25,0.2400,0.2400
2007-07-26,0.2400,0.2400
2007-07-27,0.2300,0.2500
2007-07-30,0.2300,0.2500
2007-07-31,0.2500,0.2500
2007-08-01,0.2500,0.2500
2007-08-02,0.2300,0.2600
2007-08-03,0.2600,0.2600
2007-08-06,0.2600,0.2600
2007-08-07,0.2300,0.2600
2007-08-08,0.2500,0.2500
2007-08-09,0.2500,0.2600
2007-08-10,0.2400,0.2700
2007-08-13,0.2600,0.2700
2007-08-14,0.2700,0.2700
2007-08-15,0.2500,0.2700
2007-08-16,0.2500,0.2700
2007-08-17,0.2500,0.2700
2007-08-20,0.2700,0.2230
2007-08-21,0.2200,0.2500
2007-08-22,0.2200,0.2300
2007-08-23,0.2100,0.2500
2007-08-24,0.2200,0.2500
2007-08-27,0.2400,0.2200
2007-08-28,0.2200,0.2400
2007-08-29,0.2400,0.2400
2007-08-30,0.2400,0.2400
2007-08-31,0.2000,0.2200
2007-09-04,0.2000,0.2000
2007-09-05,0.2000,0.2400
2007-09-06,0.2400,0.2400
2007-09-07,0.2400,0.2300
2007-09-10,0.2100,0.2100
2007-09-11,0.2300,0.2400
2007-09-12,0.2300,0.2300
2007-09-13,0.2300,0.2300
2007-09-14,0.2100,0.2050
2007-09-17,0.2050,0.2300
2007-09-18,0.2050,0.2200
2007-09-19,0.2200,0.2200
2007-09-20,0.2200,0.2200
2007-09-21,0.2200,0.2200
2007-09-24,0.2400,0.2100
2007-09-25,0.2100,0.2100
2007-09-26,0.2100,0.2050
2007-09-27,0.2000,0.2000
2007-09-28,0.2000,0.2100
2007-10-01,0.2000,0.2000
2007-10-02,0.2000,0.2300
2007-10-03,0.2150,0.2200
2007-10-04,0.2150,0.2100
2007-10-05,0.2000,0.2000
2007-10-08,0.2000,0.2000
2007-10-09,0.2000,0.2000
2007-10-10,0.2000,0.2114
2007-10-11,0.2200,0.2000
2007-10-12,0.2000,0.2000
2007-10-15,0.2000,0.2200
2007-10-16,0.2000,0.2100
2007-10-17,0.2100,0.2200
2007-10-18,0.2300,0.2300
2007-10-19,0.2200,0.2300
2007-10-22,0.2300,0.2400
2007-10-23,0.2200,0.2200
2007-10-24,0.2300,0.2150
2007-10-25,0.2150,0.2150
2007-10-26,0.2150,0.2150
2007-10-29,0.2100,0.2100
2007-10-30,0.2100,0.2100
2007-10-31,0.2100,0.2000
2007-11-01,0.2000,0.2000
2007-11-02,0.2000,0.2100
2007-11-05,0.2000,0.2000
2007-11-06,0.2000,0.2100
2007-11-07,0.2100,0.2100
2007-11-08,0.2200,0.2100
2007-11-09,0.2200,0.2300
2007-11-12,0.2300,0.2300
2007-11-13,0.2100,0.2300
2007-11-14,0.2100,0.2300
2007-11-15,0.2300,0.2300
2007-11-16,0.2100,0.2100
2007-11-19,0.2100,0.2100
2007-11-20,0.2100,0.2100
2007-11-21,0.2100,0.2100
2007-11-23,0.2100,0.2100
2007-11-26,0.2100,0.2100
2007-11-27,0.2100,0.2100
2007-11-28,0.2100,0.2200
2007-11-29,0.2100,0.2100
2007-11-30,0.2100,0.2000
2007-12-03,0.2000,0.2100
2007-12-04,0.2100,0.2100
2007-12-05,0.2000,0.2000
2007-12-06,0.2000,0.2000
2007-12-07,0.2100,0.2100
2007-12-10,0.2100,0.2100
2007-12-11,0.2100,0.2100
2007-12-12,0.2100,0.2100
2007-12-13,0.2100,0.2100
2007-12-14,0.2100,0.2100
2007-12-17,0.2100,0.2100
2007-12-18,0.2100,0.2000
2007-12-19,0.2000,0.1950
2007-12-20,0.2100,0.1900
2007-12-21,0.1900,0.1800
2007-12-24,0.1700,0.1700
2007-12-26,0.1700,0.1800
2007-12-27,0.1700,0.1800
2007-12-28,0.1800,0.1900
2007-12-31,0.1900,0.2000
2008-01-02,0.2000,0.1900
2008-01-03,0.1900,0.1900
2008-01-04,0.1900,0.1900
2008-01-07,0.1900,0.1900
2008-01-08,0.1950,0.1950
2008-01-09,0.1950,0.1950
2008-01-10,0.1900,0.1900
2008-01-11,0.2000,0.1950
2008-01-14,0.1950,0.1800
2008-01-15,0.1800,0.1800
2008-01-16,0.1800,0.1800
2008-01-17,0.1700,0.1950
2008-01-18,0.1700,0.1700
2008-01-22,0.1700,0.1700
2008-01-23,0.1700,0.1700
2008-01-24,0.1600,0.1800
2008-01-25,0.1800,0.1800
2008-01-28,0.1700,0.1700
2008-01-29,0.1600,0.1700
2008-01-30,0.1800,0.1800
2008-01-31,0.1700,0.1900
2008-02-01,0.1900,0.1900
2008-02-04,0.1900,0.1900
2008-02-05,0.1900,0.1900
2008-02-06,0.1800,0.1800
2008-02-07,0.1800,0.1800
2008-02-08,0.1800,0.1800
2008-02-11,0.1700,0.1700
2008-02-12,0.1700,0.1700
2008-02-13,0.1700,0.2500
2008-02-14,0.2400,0.2500
2008-02-15,0.2600,0.2800
2008-02-19,0.2800,0.2600
2008-02-20,0.2600,0.2500
2008-02-21,0.2500,0.2500
2008-02-22,0.2500,0.2700
2008-02-25,0.2700,0.2800
2008-02-26,0.2800,0.3200
2008-02-27,0.3200,0.3100
2008-02-28,0.3200,0.3100
2008-02-29,0.3100,0.3100
2008-03-03,0.3000,0.3000
2008-03-04,0.2900,0.2900
2008-03-05,0.2900,0.2900
2008-03-06,0.2900,0.2850
2008-03-07,0.2850,0.2700
2008-03-10,0.2600,0.2600
2008-03-11,0.2450,0.2600
2008-03-12,0.2600,0.2500
2008-03-13,0.2500,0.2500
2008-03-14,0.2350,0.2500
2008-03-17,0.2400,0.2400
2008-03-18,0.2400,0.2500
2008-03-19,0.2450,0.2600
2008-03-20,0.2450,0.2600
2008-03-24,0.2500,0.2600
2008-03-25,0.2600,0.2600
2008-03-26,0.2700,0.2700
2008-03-27,0.2700,0.3000
2008-03-28,0.2700,0.3000
2008-03-31,0.3000,0.3000
2008-04-01,0.3000,0.3100
2008-04-02,0.3000,0.3000
2008-04-03,0.3000,0.3000
2008-04-04,0.3000,0.3000
2008-04-07,0.3100,0.3100
2008-04-08,0.3100,0.3000
2008-04-09,0.3000,0.3000
2008-04-10,0.3200,0.3445
2008-04-11,0.3450,0.3400
2008-04-14,0.3400,0.3400
2008-04-15,0.3500,0.3200
2008-04-16,0.3100,0.2900
2008-04-17,0.3050,0.3100
2008-04-18,0.2900,0.3200
2008-04-21,0.3300,0.3100
2008-04-22,0.3150,0.3300
2008-04-23,0.3300,0.3500
2008-04-24,0.3400,0.3400
2008-04-25,0.3400,0.3200
2008-04-28,0.3500,0.3200
2008-04-29,0.3400,0.3500
2008-04-30,0.3700,0.3800
2008-05-01,0.3800,0.3700
2008-05-02,0.3700,0.3700
2008-05-05,0.3700,0.3995
2008-05-06,0.4000,0.4700
2008-05-07,0.4600,0.4400
2008-05-08,0.4400,0.4400
2008-05-09,0.4500,0.4700
2008-05-12,0.4900,0.5300
2008-05-13,0.5500,0.5000
2008-05-14,0.5400,0.5400
2008-05-15,0.5400,0.5450
2008-05-16,0.5500,0.5200
2008-05-19,0.5250,0.5300
2008-05-20,0.5450,0.5400
2008-05-21,0.5400,0.6000
2008-05-22,0.6050,0.6000
2008-05-23,0.6000,0.5650
2008-05-27,0.5800,0.5600
2008-05-28,0.5700,0.5600
2008-05-29,0.5700,0.5400
2008-05-30,0.5400,0.5800
2008-06-02,0.6000,0.5800
2008-06-03,0.5700,0.5300
2008-06-04,0.5300,0.5300
2008-06-05,0.5300,0.5500
2008-06-06,0.5300,0.5300
2008-06-09,0.5300,0.5400
2008-06-10,0.5400,0.5800
2008-06-11,0.5720,0.5550
2008-06-12,0.5500,0.5300
2008-06-13,0.5250,0.5300
2008-06-16,0.5500,0.5400
2008-06-17,0.5500,0.5650
2008-06-18,0.5650,0.5800
2008-06-19,0.5800,0.5900
2008-06-20,0.5900,0.5900
2008-06-23,0.5850,0.6000
2008-06-24,0.5800,0.6000
2008-06-25,0.6000,0.6100
2008-06-26,0.6100,0.6700
2008-06-27,0.6700,0.7300
2008-06-30,0.7500,0.7700
2008-07-01,0.7800,0.7600
2008-07-02,0.7600,0.7100
2008-07-03,0.7100,0.6800
2008-07-07,0.6700,0.6800
2008-07-08,0.6800,0.6100
2008-07-09,0.6100,0.6200
2008-07-10,0.6400,0.6200
2008-07-11,0.6100,0.6200
2008-07-14,0.6100,0.6200
2008-07-15,0.6200,0.5800
2008-07-16,0.5700,0.4800
2008-07-17,0.5100,0.5700
2008-07-18,0.5700,0.6000
2008-07-21,0.6000,0.6100
2008-07-22,0.5900,0.6400
2008-07-23,0.6300,0.7300
2008-07-24,0.7200,0.7000
2008-07-25,0.6800,0.6800
2008-07-28,0.6600,0.6500
2008-07-29,0.6800,0.6600
2008-07-30,0.6600,0.6100
2008-07-31,0.6100,0.6100
2008-08-01,0.6200,0.6900
2008-08-04,0.7000,0.6900
2008-08-05,0.6350,0.7000
2008-08-06,0.6900,0.7000
2008-08-07,0.6600,0.6900
2008-08-08,0.6600,0.6800
2008-08-11,0.6800,0.6700
2008-08-12,0.7000,0.6800
2008-08-13,0.6500,0.6800
2008-08-14,0.6800,0.6800
2008-08-15,0.6800,0.6700
2008-08-18,0.6500,0.6000
2008-08-19,0.6000,0.6200
2008-08-20,0.6200,0.6100
2008-08-21,0.6100,0.6100
2008-08-22,0.6500,0.6500
2008-08-25,0.6500,0.6300
2008-08-26,0.6500,0.6500
2008-08-27,0.6400,0.6400
2008-08-28,0.6250,0.6250
2008-08-29,0.6250,0.6300
2008-09-02,0.6250,0.5900
2008-09-03,0.6300,0.5600
2008-09-04,0.5600,0.5650
2008-09-05,0.5650,0.5900
2008-09-08,0.5900,0.5600
2008-09-09,0.5600,0.5300
2008-09-10,0.5200,0.5200
2008-09-11,0.5000,0.4900
2008-09-12,0.4500,0.5200
2008-09-15,0.5100,0.5200
2008-09-16,0.5200,0.4900
2008-09-17,0.4900,0.4900
2008-09-18,0.5200,0.5200
2008-09-19,0.5200,0.5400
2008-09-22,0.5400,0.5300
2008-09-23,0.5200,0.4900
2008-09-24,0.4900,0.4900
2008-09-25,0.4900,0.4600
2008-09-26,0.4600,0.5100
2008-09-29,0.5100,0.4800
2008-09-30,0.4300,0.4900
2008-10-01,0.4700,0.4700
2008-10-02,0.4900,0.4400
2008-10-03,0.4400,0.4200
2008-10-06,0.4100,0.3700
2008-10-07,0.3800,0.3600
2008-10-08,0.3500,0.3500
2008-10-09,0.3500,0.3300
2008-10-10,0.3200,0.3300
2008-10-13,0.3300,0.3300
2008-10-14,0.3300,0.4000
2008-10-15,0.3300,0.3100
2008-10-16,0.3300,0.2900
2008-10-17,0.3200,0.3200
2008-10-20,0.3100,0.3400
2008-10-21,0.3200,0.3200
2008-10-22,0.3100,0.2900
2008-10-23,0.2900,0.3000
2008-10-24,0.2800,0.2800
2008-10-27,0.2700,0.2600
2008-10-28,0.2690,0.2700
2008-10-29,0.2700,0.2500
2008-10-30,0.2500,0.2500
2008-10-31,0.2500,0.2900
2008-11-03,0.2800,0.2600
2008-11-04,0.2700,0.2500
2008-11-05,0.2500,0.2500
2008-11-06,0.2500,0.2300
2008-11-07,0.2300,0.2300
2008-11-10,0.2200,0.2300
2008-11-11,0.2300,0.2100
2008-11-12,0.2100,0.2100
2008-11-13,0.2100,0.2100
2008-11-14,0.1750,0.2000
2008-11-17,0.1750,0.2000
2008-11-18,0.1750,0.1750
2008-11-19,0.1750,0.1750
2008-11-20,0.1750,0.1700
2008-11-21,0.1750,0.1650
2008-11-24,0.1600,0.1500
2008-11-25,0.1500,0.1500
2008-11-26,0.1500,0.1900
2008-11-28,0.1750,0.1750
2008-12-01,0.1700,0.1700
2008-12-02,0.1500,0.1700
2008-12-03,0.1700,0.1700
2008-12-04,0.1400,0.1600
2008-12-05,0.1600,0.1600
2008-12-08,0.1400,0.1700
2008-12-09,0.1500,0.1800
2008-12-10,0.1650,0.1800
2008-12-11,0.1650,0.1700
2008-12-12,0.1650,0.1800
2008-12-15,0.1750,0.1700
2008-12-16,0.1700,0.1750
2008-12-17,0.1750,0.1800
2008-12-18,0.1650,0.1800
2008-12-19,0.1750,0.1650
2008-12-22,0.1750,0.1650
2008-12-23,0.1650,0.1650
2008-12-24,0.1650,0.1600
2008-12-26,0.1750,0.2200
2008-12-29,0.2100,0.2500
2008-12-30,0.2700,0.2700
2008-12-31,0.2700,0.2800
2009-01-02,0.2600,0.2200
2009-01-05,0.2200,0.2200
2009-01-06,0.2000,0.2300
2009-01-07,0.2200,0.2800
2009-01-08,0.2800,0.3000
2009-01-09,0.3000,0.3000
2009-01-12,0.2600,0.3000
2009-01-13,0.3000,0.3000
2009-01-14,0.2500,0.2500
2009-01-15,0.2800,0.2800
2009-01-16,0.2500,0.2800
2009-01-20,0.2300,0.2800
2009-01-21,0.2400,0.2800
2009-01-22,0.2800,0.2800
2009-01-23,0.2500,0.2400
2009-01-26,0.2500,0.2400
2009-01-27,0.2400,0.2400
2009-01-28,0.2400,0.2400
2009-01-29,0.2900,0.2300
2009-01-30,0.2300,0.2300
2009-02-02,0.2500,0.2300
2009-02-03,0.2900,0.2500
2009-02-04,0.2500,0.2300
2009-02-05,0.2400,0.2500
2009-02-06,0.2500,0.2500
2009-02-09,0.2300,0.2500
2009-02-10,0.2300,0.2300
2009-02-11,0.2200,0.2300
2009-02-12,0.2100,0.2300
2009-02-13,0.2100,0.2300
2009-02-17,0.2100,0.2100
2009-02-18,0.2300,0.2300
2009-02-19,0.2000,0.2000
2009-02-20,0.1900,0.1800
2009-02-23,0.1700,0.1700
2009-02-24,0.2000,0.1400
2009-02-25,0.1500,0.1300
2009-02-26,0.1800,0.1600
2009-02-27,0.1400,0.1500
2009-03-02,0.1400,0.1100
2009-03-03,0.1000,0.1100
2009-03-04,0.1350,0.1300
2009-03-05,0.1300,0.1200
2009-03-06,0.1200,0.1200
2009-03-09,0.1200,0.1200
2009-03-10,0.1200,0.1400
2009-03-11,0.1100,0.1350
2009-03-12,0.1100,0.1100
2009-03-13,0.1400,0.1400
2009-03-16,0.1350,0.1500
2009-03-17,0.1500,0.1500
2009-03-18,0.1350,0.1350
2009-03-19,0.1500,0.1500
2009-03-20,0.1350,0.1350
2009-03-23,0.1300,0.1400
2009-03-24,0.1400,0.1450
2009-03-25,0.1450,0.1600
2009-03-26,0.1450,0.1600
2009-03-27,0.1550,0.1600
2009-03-30,0.1600,0.1600
2009-03-31,0.1800,0.1800
2009-04-01,0.1800,0.1800
2009-04-02,0.1600,0.1850
2009-04-03,0.1600,0.1850
2009-04-06,0.1800,0.1800
2009-04-07,0.1700,0.1700
2009-04-08,0.1800,0.1650
2009-04-09,0.1700,0.1400
2009-04-13,0.1600,0.1850
2009-04-14,0.1850,0.1700
2009-04-15,0.1600,0.1700
2009-04-16,0.1600,0.1700
2009-04-17,0.1600,0.1700
2009-04-20,0.1700,0.1700
2009-04-21,0.1600,0.1700
2009-04-22,0.1550,0.1700
2009-04-23,0.1700,0.1700
2009-04-24,0.1600,0.1750
2009-04-27,0.1600,0.1750
2009-04-28,0.1500,0.1700
2009-04-29,0.1700,0.1700
2009-04-30,0.1700,0.1700
2009-05-01,0.1700,0.1850
2009-05-04,0.1700,0.1800
2009-05-05,0.1800,0.1500
2009-05-06,0.1500,0.1650
2009-05-07,0.1650,0.1700
2009-05-08,0.1500,0.1800
2009-05-11,0.1600,0.1550
2009-05-12,0.1800,0.1800
2009-05-13,0.1500,0.1800
2009-05-14,0.1600,0.1700
2009-05-15,0.1600,0.1600
2009-05-18,0.1600,0.1600
2009-05-19,0.1600,0.1800
2009-05-20,0.1700,0.1700
2009-05-21,0.1800,0.1800
2009-05-22,0.1700,0.1700
2009-05-26,0.1750,0.1700
2009-05-27,0.1520,0.1600
2009-05-28,0.1500,0.1500
2009-05-29,0.1700,0.1700
2009-06-01,0.1700,0.1700
2009-06-02,0.1700,0.1700
2009-06-03,0.1800,0.1800
2009-06-04,0.1768,0.1768
2009-06-05,0.1500,0.1700
2009-06-08,0.1700,0.1700
2009-06-09,0.1700,0.1700
2009-06-10,0.1500,0.1700
2009-06-11,0.1500,0.1700
2009-06-12,0.1400,0.1500
2009-06-15,0.1500,0.1650
2009-06-16,0.1500,0.1500
2009-06-17,0.1500,0.1500
2009-06-18,0.1500,0.1600
2009-06-19,0.1600,0.1600
2009-06-22,0.1500,0.1400
2009-06-23,0.1400,0.1600
2009-06-24,0.1400,0.1200
2009-06-25,0.1500,0.1500
2009-06-26,0.1300,0.1500
2009-06-29,0.1300,0.1500
2009-06-30,0.1400,0.1500
2009-07-01,0.1400,0.1250
2009-07-02,0.1493,0.1500
2009-07-06,0.1500,0.1500
2009-07-07,0.1500,0.1500
2009-07-08,0.1400,0.1400
2009-07-09,0.1500,0.1600
2009-07-10,0.1550,0.1750
2009-07-13,0.1750,0.1600
2009-07-14,0.1550,0.1550
2009-07-15,0.1600,0.1600
2009-07-16,0.1550,0.1738
2009-07-17,0.1738,0.1738
2009-07-20,0.1550,0.1700
2009-07-21,0.1600,0.1888
2009-07-22,0.1800,0.1900
2009-07-23,0.2100,0.2100
2009-07-24,0.2000,0.1800
2009-07-27,0.2000,0.2150
2009-07-28,0.2150,0.2400
2009-07-29,0.2800,0.2700
2009-07-30,0.2700,0.2800
2009-07-31,0.2900,0.2700
2009-08-03,0.2650,0.2700
2009-08-04,0.2700,0.2700
2009-08-05,0.2700,0.2700
2009-08-06,0.2700,0.2700
2009-08-07,0.2550,0.2700
2009-08-10,0.2500,0.2500
2009-08-11,0.2500,0.2500
2009-08-12,0.2500,0.2500
2009-08-13,0.2500,0.2300
2009-08-14,0.2500,0.2500
2009-08-17,0.2300,0.2000
2009-08-18,0.2200,0.2200
2009-08-19,0.2100,0.2300
2009-08-20,0.2300,0.2300
2009-08-21,0.2300,0.2300
2009-08-24,0.2300,0.2300
2009-08-25,0.2300,0.2300
2009-08-26,0.2050,0.2300
2009-08-27,0.2050,0.2000
2009-08-28,0.2100,0.2000
2009-08-31,0.2000,0.2000
2009-09-01,0.2300,0.2300
2009-09-02,0.2000,0.2000
2009-09-03,0.2000,0.2000
2009-09-04,0.2000,0.2000
2009-09-08,0.1950,0.1950
2009-09-09,0.2000,0.2300
2009-09-10,0.2400,0.2400
2009-09-11,0.2250,0.2250
2009-09-14,0.2250,0.2650
2009-09-15,0.2650,0.2650
2009-09-16,0.2500,0.2100
2009-09-17,0.1850,0.2100
2009-09-18,0.2100,0.2100
2009-09-21,0.2100,0.2100
2009-09-22,0.2000,0.2000
2009-09-23,0.2000,0.2000
2009-09-24,0.2000,0.2100
2009-09-25,0.2000,0.2100
2009-09-28,0.2000,0.2000
2009-09-29,0.1800,0.1850
2009-09-30,0.2100,0.2100
2009-10-01,0.2100,0.2100
2009-10-02,0.2100,0.2100
2009-10-05,0.1900,0.2100
2009-10-06,0.2000,0.2300
2009-10-07,0.2000,0.1850
2009-10-08,0.2100,0.2200
2009-10-09,0.1850,0.1850
2009-10-12,0.1850,0.1850
2009-10-13,0.1900,0.1850
2009-10-14,0.1850,0.2000
2009-10-15,0.2000,0.2000
2009-10-16,0.1850,0.2000
2009-10-19,0.2000,0.2000
2009-10-20,0.1850,0.1850
2009-10-21,0.2000,0.2000
2009-10-22,0.2100,0.2100
2009-10-23,0.2200,0.2050
2009-10-26,0.2200,0.2100
2009-10-27,0.2200,0.2200
2009-10-28,0.2200,0.2300
2009-10-29,0.2300,0.2300
2009-10-30,0.2100,0.2100
2009-11-02,0.2100,0.2000
2009-11-03,0.2000,0.2000
2009-11-04,0.2000,0.2000
2009-11-05,0.2200,0.2000
2009-11-06,0.2000,0.2000
2009-11-09,0.1950,0.2000
2009-11-10,0.2100,0.2000
2009-11-11,0.2100,0.2100
2009-11-12,0.2000,0.1950
2009-11-13,0.1950,0.1950
2009-11-16,0.1950,0.1950
2009-11-17,0.1950,0.1950
2009-11-18,0.1950,0.1950
2009-11-19,0.1950,0.1950
2009-11-20,0.1950,0.1950
2009-11-23,0.2000,0.2000
2009-11-24,0.1950,0.1950
2009-11-25,0.2000,0.1900
2009-11-27,0.1838,0.1900
2009-11-30,0.1838,0.1800
2009-12-01,0.1700,0.1800
2009-12-02,0.1800,0.1700
2009-12-03,0.1700,0.1600
2009-12-04,0.1600,0.1500
2009-12-07,0.1500,0.1600
2009-12-08,0.1550,0.1550
2009-12-09,0.1600,0.1600
2009-12-10,0.1700,0.1800
2009-12-11,0.1700,0.1975
2009-12-14,0.1975,0.1975
2009-12-15,0.1828,0.2000
2009-12-16,0.2000,0.1828
2009-12-17,0.2050,0.2100
2009-12-18,0.2050,0.2050
2009-12-21,0.1900,0.2100
2009-12-22,0.2000,0.1900
2009-12-23,0.1828,0.1828
2009-12-24,0.1828,0.1900
2009-12-28,0.1828,0.2000
2009-12-29,0.1828,0.1828
2009-12-30,0.1828,0.2000
2009-12-31,0.1900,0.2900
2010-01-04,0.2400,0.2750
2010-01-05,0.2500,0.2700
2010-01-06,0.2700,0.2700
2010-01-07,0.2750,0.2850
2010-01-08,0.2700,0.2850
2010-01-11,0.2900,0.2900
2010-01-12,0.3000,0.3000
2010-01-13,0.3000,0.3000
2010-01-14,0.2900,0.2900
2010-01-15,0.2800,0.2600
2010-01-19,0.2600,0.2800
2010-01-20,0.2800,0.2800
2010-01-21,0.2800,0.2800
2010-01-22,0.2500,0.2800
2010-01-25,0.2500,0.2400
2010-01-26,0.2500,0.2500
2010-01-27,0.2500,0.2500
2010-01-28,0.2500,0.2900
2010-01-29,0.2900,0.2900
2010-02-01,0.2400,0.2900
2010-02-02,0.2900,0.2900
2010-02-03,0.2900,0.2900
2010-02-04,0.2400,0.2700
2010-02-05,0.2600,0.2600
2010-02-08,0.2600,0.2800
2010-02-09,0.2900,0.2600
2010-02-10,0.2800,0.2450
2010-02-11,0.2800,0.2800
2010-02-12,0.2800,0.2800
2010-02-16,0.2450,0.2600
2010-02-17,0.2800,0.2400
2010-02-18,0.2400,0.2400
2010-02-19,0.2400,0.2338
2010-02-22,0.2260,0.2300
2010-02-23,0.2300,0.2300
2010-02-24,0.2000,0.2000
2010-02-25,0.2000,0.2000
2010-02-26,0.1700,0.1500
2010-03-01,0.2350,0.2350
2010-03-02,0.2350,0.2350
2010-03-03,0.2350,0.2350
2010-03-04,0.2350,0.2350
2010-03-05,0.1800,0.2500
2010-03-08,0.2400,0.2500
2010-03-09,0.2000,0.2500
2010-03-10,0.2500,0.2500
2010-03-11,0.2100,0.2500
2010-03-12,0.2500,0.2500
2010-03-15,0.2500,0.2800
2010-03-16,0.2100,0.2100
2010-03-17,0.2100,0.2300
2010-03-18,0.2200,0.2750
2010-03-19,0.2500,0.2800
2010-03-22,0.2350,0.2800
2010-03-23,0.2300,0.2800
2010-03-24,0.2800,0.2800
2010-03-25,0.2300,0.2600
2010-03-26,0.2600,0.2600
2010-03-29,0.2300,0.2600
2010-03-30,0.2300,0.2600
2010-03-31,0.2600,0.2700
2010-04-01,0.2800,0.2900
2010-04-05,0.3000,0.2900
2010-04-06,0.2800,0.2800
2010-04-07,0.2600,0.2600
2010-04-08,0.2600,0.2800
2010-04-09,0.2800,0.3000
2010-04-12,0.2300,0.2900
2010-04-13,0.2900,0.2900
2010-04-14,0.3000,0.3100
2010-04-15,0.3000,0.3000
2010-04-16,0.3100,0.3100
2010-04-19,0.3100,0.3000
2010-04-20,0.3100,0.3200
2010-04-21,0.3200,0.3200
2010-04-22,0.3100,0.3300
2010-04-23,0.3300,0.2900
2010-04-26,0.3200,0.3200
2010-04-27,0.2800,0.2800
2010-04-28,0.3200,0.3100
2010-04-29,0.3100,0.3100
2010-04-30,0.3100,0.3100
2010-05-03,0.3300,0.3400
2010-05-04,0.3400,0.3400
2010-05-05,0.3400,0.3400
2010-05-06,0.3400,0.3400
2010-05-07,0.3400,0.3900
2010-05-10,0.3400,0.3400
2010-05-11,0.3600,0.3600
2010-05-12,0.3000,0.3900
2010-05-13,0.3400,0.3750
2010-05-14,0.3750,0.3750
2010-05-17,0.3750,0.3750
2010-05-18,0.3900,0.3900
2010-05-19,0.3900,0.3900
2010-05-20,0.3300,0.3200
2010-05-21,0.3000,0.3050
2010-05-24,0.3050,0.3000
2010-05-25,0.2950,0.2950
2010-05-26,0.3000,0.3300
2010-05-27,0.3100,0.3500
2010-05-28,0.3200,0.3500
2010-06-01,0.3500,0.3500
2010-06-02,0.3500,0.3500
2010-06-03,0.3200,0.3500
2010-06-04,0.3200,0.3500
2010-06-07,0.3300,0.3300
2010-06-08,0.3500,0.3700
2010-06-09,0.3500,0.3400
2010-06-10,0.3400,0.3500
2010-06-11,0.3500,0.3500
2010-06-14,0.3500,0.3750
2010-06-15,0.3800,0.3650
2010-06-16,0.3650,0.3600
2010-06-17,0.3600,0.3600
2010-06-18,0.3500,0.3800
2010-06-21,0.3800,0.3800
2010-06-22,0.3600,0.3800
2010-06-23,0.3800,0.3800
2010-06-24,0.3600,0.3500
2010-06-25,0.3300,0.3500
2010-06-28,0.3170,0.3000
2010-06-29,0.3150,0.3150
2010-06-30,0.2900,0.3130
2010-07-01,0.2900,0.2900
2010-07-02,0.3100,0.3100
2010-07-06,0.2750,0.2700
2010-07-07,0.2750,0.2750
2010-07-08,0.2700,0.2500
2010-07-09,0.2740,0.3000
2010-07-12,0.3000,0.3000
2010-07-13,0.3000,0.3000
2010-07-14,0.2660,0.3000
2010-07-15,0.3000,0.3200
2010-07-16,0.2660,0.2700
2010-07-19,0.2650,0.2650
2010-07-20,0.2530,0.2700
2010-07-21,0.3000,0.3000
2010-07-22,0.2530,0.2530
2010-07-23,0.2900,0.2900
2010-07-26,0.2900,0.2900
2010-07-27,0.2900,0.2900
2010-07-28,0.2750,0.2900
2010-07-29,0.2900,0.2900
2010-07-30,0.2900,0.2900
2010-08-02,0.2900,0.2900
2010-08-03,0.2700,0.2900
2010-08-04,0.2900,0.2900
2010-08-05,0.2700,0.2700
2010-08-06,0.2700,0.2700
2010-08-09,0.2900,0.2900
2010-08-10,0.2700,0.3200
2010-08-11,0.3150,0.3150
2010-08-12,0.2700,0.2800
2010-08-13,0.2700,0.3000
2010-08-16,0.3000,0.3000
2010-08-17,0.3000,0.3000
2010-08-18,0.2800,0.2940
2010-08-19,0.2750,0.2900
2010-08-20,0.2800,0.2800
2010-08-23,0.2800,0.2800
2010-08-24,0.2660,0.2755
2010-08-25,0.2755,0.2755
2010-08-26,0.2700,0.2840
2010-08-27,0.2658,0.2840
2010-08-30,0.2658,0.2840
2010-08-31,0.2658,0.2840
2010-09-01,0.2610,0.2840
2010-09-02,0.2610,0.2840
2010-09-03,0.2840,0.2840
2010-09-07,0.2630,0.2800
2010-09-08,0.2620,0.2575
2010-09-09,0.2500,0.2500
2010-09-10,0.2500,0.2500
2010-09-13,0.2308,0.2400
2010-09-14,0.2280,0.2500
2010-09-15,0.2500,0.2500
2010-09-16,0.2700,0.2700
2010-09-17,0.2400,0.2400
2010-09-20,0.2500,0.2500
2010-09-21,0.2400,0.2500
2010-09-22,0.2500,0.2328
2010-09-23,0.2700,0.2358
2010-09-24,0.2358,0.2690
2010-09-27,0.2358,0.2650
2010-09-28,0.2650,0.2650
2010-09-29,0.2408,0.2690
2010-09-30,0.2408,0.2590
2010-10-01,0.2318,0.2590
2010-10-04,0.2318,0.2590
2010-10-05,0.2318,0.2590
2010-10-06,0.2318,0.2590
2010-10-07,0.2600,0.2600
2010-10-08,0.2600,0.2600
2010-10-11,0.2600,0.2600
2010-10-12,0.2550,0.2600
2010-10-13,0.2468,0.2800
2010-10-14,0.2900,0.2900
2010-10-15,0.2850,0.3200
2010-10-18,0.3050,0.3190
2010-10-19,0.3050,0.3180
2010-10-20,0.3050,0.3180
2010-10-21,0.3060,0.3090
2010-10-22,0.3100,0.3290
2010-10-25,0.3290,0.3300
2010-10-26,0.3300,0.3300
2010-10-27,0.3100,0.3300
2010-10-28,0.3200,0.3100
2010-10-29,0.3100,0.3100
2010-11-01,0.3100,0.3050
2010-11-02,0.3000,0.2800
2010-11-03,0.2800,0.3000
2010-11-04,0.2808,0.3000
2010-11-05,0.2808,0.2808
2010-11-08,0.3050,0.3050
2010-11-09,0.3100,0.3100
2010-11-10,0.3100,0.3100
2010-11-11,0.3100,0.3100
2010-11-12,0.3100,0.3100
2010-11-15,0.2860,0.3100
2010-11-16,0.3100,0.3100
2010-11-17,0.2900,0.3100
2010-11-18,0.3100,0.3100
2010-11-19,0.3000,0.3100
2010-11-22,0.2900,0.3100
2010-11-23,0.3100,0.3100
2010-11-24,0.3100,0.3100
2010-11-26,0.2900,0.2950
2010-11-29,0.2800,0.2800
2010-11-30,0.2950,0.2950
2010-12-01,0.2950,0.2950
2010-12-02,0.2950,0.2900
2010-12-03,0.2760,0.2900
2010-12-06,0.2900,0.2800
2010-12-07,0.2770,0.2770
2010-12-08,0.2800,0.2950
2010-12-09,0.2800,0.2950
2010-12-10,0.2950,0.2950
2010-12-13,0.2800,0.2900
2010-12-14,0.2800,0.2950
2010-12-15,0.2610,0.3100
2010-12-16,0.3100,0.3100
2010-12-17,0.3100,0.3100
2010-12-20,0.2810,0.3050
2010-12-21,0.2810,0.3050
2010-12-22,0.2810,0.3050
2010-12-23,0.2810,0.3000
2010-12-27,0.2810,0.3000
2010-12-28,0.2810,0.3000
2010-12-29,0.2810,0.3000
2010-12-30,0.3000,0.3000
2010-12-31,0.2900,0.3000
2011-01-03,0.3000,0.3040
2011-01-04,0.3040,0.3040
2011-01-05,0.3040,0.3040
2011-01-06,0.3040,0.3040
2011-01-07,0.3040,0.3040
2011-01-10,0.3040,0.3040
2011-01-11,0.2850,0.3040
2011-01-12,0.3040,0.3040
2011-01-13,0.3040,0.3040
2011-01-14,0.3040,0.3200
2011-01-18,0.3200,0.3200
2011-01-19,0.3050,0.3200
2011-01-20,0.3050,0.3200
2011-01-21,0.3200,0.3200
2011-01-24,0.3050,0.3100
2011-01-25,0.2950,0.3100
2011-01-26,0.3100,0.3100
2011-01-27,0.3100,0.2650
2011-01-28,0.2700,0.2700
2011-01-31,0.2700,0.2700
2011-02-01,0.2700,0.2600
2011-02-02,0.2800,0.2700
2011-02-03,0.2700,0.2700
2011-02-04,0.2700,0.2700
2011-02-07,0.2700,0.2700
2011-02-08,0.2750,0.2800
2011-02-09,0.2700,0.2800
2011-02-10,0.2700,0.2800
2011-02-11,0.2800,0.2889
2011-02-14,0.2889,0.3000
2011-02-15,0.3000,0.3050
2011-02-16,0.3040,0.3200
2011-02-17,0.3200,0.3200
2011-02-18,0.3200,0.3200
2011-02-22,0.3000,0.3200
2011-02-23,0.3000,0.3150
2011-02-24,0.3000,0.3100
2011-02-25,0.3199,0.3150
2011-02-28,0.2800,0.3000
2011-03-01,0.3000,0.2710
2011-03-02,0.2800,0.2800
2011-03-03,0.2970,0.2970
2011-03-04,0.2970,0.2970
2011-03-07,0.2970,0.2970
2011-03-08,0.2970,0.2990
2011-03-09,0.2900,0.2960
2011-03-10,0.2968,0.2968
2011-03-11,0.2900,0.2960
2011-03-14,0.2900,0.2900
2011-03-15,0.2800,0.2900
2011-03-16,0.2900,0.2900
2011-03-17,0.2900,0.2900
2011-03-18,0.2900,0.2900
2011-03-21,0.2900,0.2960
2011-03-22,0.2810,0.3000
2011-03-23,0.3100,0.3000
2011-03-24,0.3100,0.3199
2011-03-25,0.3100,0.3199
2011-03-28,0.3100,0.3250
2011-03-29,0.3300,0.3300
2011-03-30,0.3300,0.3500
2011-03-31,0.3600,0.3788
2011-04-01,0.3650,0.3800
2011-04-04,0.3800,0.3800
2011-04-05,0.3500,0.3688
2011-04-06,0.3688,0.3688
2011-04-07,0.3400,0.3700
2011-04-08,0.3700,0.3800
2011-04-11,0.3800,0.3800
2011-04-12,0.3800,0.3800
2011-04-13,0.3400,0.3900
2011-04-14,0.3900,0.3900
2011-04-15,0.3600,0.3888
2011-04-18,0.3850,0.3850
2011-04-19,0.3150,0.3800
2011-04-20,0.3200,0.3700
2011-04-21,0.3700,0.3700
2011-04-25,0.3700,0.3700
2011-04-26,0.3700,0.3700
2011-04-27,0.3700,0.3700
2011-04-28,0.3700,0.3700
2011-04-29,0.3700,0.3700
2011-05-02,0.3400,0.3750
2011-05-03,0.3400,0.3700
2011-05-04,0.3400,0.3700
2011-05-05,0.3700,0.3700
2011-05-06,0.3700,0.3700
2011-05-09,0.3700,0.3750
2011-05-10,0.3450,0.3700
2011-05-11,0.3700,0.3700
2011-05-12,0.3700,0.3700
2011-05-13,0.3700,0.4400
2011-05-16,0.4350,0.4250
2011-05-17,0.4100,0.4000
2011-05-18,0.4000,0.4150
2011-05-19,0.4150,0.4200
2011-05-20,0.4200,0.4100
2011-05-23,0.4200,0.4200
2011-05-24,0.4000,0.4200
2011-05-25,0.4200,0.4388
2011-05-26,0.4100,0.4350
2011-05-27,0.4300,0.4400
2011-05-31,0.4300,0.4300
2011-06-01,0.4400,0.4400
2011-06-02,0.4250,0.4300
2011-06-03,0.4100,0.4350
2011-06-06,0.4350,0.4488
2011-06-07,0.4488,0.4770
2011-06-08,0.4800,0.4800
2011-06-09,0.4998,0.5100
2011-06-10,0.5100,0.5288
2011-06-13,0.5288,0.5300
2011-06-14,0.5099,0.5099
2011-06-15,0.4700,0.5287
2011-06-16,0.5200,0.4700
2011-06-17,0.4700,0.4700
2011-06-20,0.4700,0.4900
2011-06-21,0.4700,0.5000
2011-06-22,0.5100,0.5100
2011-06-23,0.4700,0.5100
2011-06-24,0.5100,0.5100
2011-06-27,0.5100,0.5100
2011-06-28,0.5100,0.5100
2011-06-29,0.5100,0.4650
2011-06-30,0.4650,0.5100
2011-07-01,0.5000,0.5000
2011-07-05,0.5100,0.5100
2011-07-06,0.5100,0.5100
2011-07-07,0.4600,0.5050
2011-07-08,0.5000,0.5600
2011-07-11,0.5600,0.5700
2011-07-12,0.5550,0.5600
2011-07-13,0.5590,0.5600
2011-07-14,0.5600,0.5650
2011-07-15,0.5700,0.6000
2011-07-18,0.6000,0.5900
2011-07-19,0.5988,0.5988
2011-07-20,0.5988,0.6000
2011-07-21,0.6000,0.6000
2011-07-22,0.6000,0.6600
2011-07-25,0.6600,0.7050
2011-07-26,0.7100,0.7150
2011-07-27,0.7000,0.6700
2011-07-28,0.6900,0.6800
2011-07-29,0.6800,0.6700
2011-08-01,0.6600,0.6600
2011-08-02,0.6600,0.6200
2011-08-03,0.6250,0.6900
2011-08-04,0.6900,0.6500
2011-08-05,0.6500,0.6500
2011-08-08,0.6100,0.6000
2011-08-09,0.5250,0.5799
2011-08-10,0.5600,0.5210
2011-08-11,0.5300,0.5699
2011-08-12,0.5700,0.6200
2011-08-15,0.6000,0.6510
2011-08-16,0.6700,0.6500
2011-08-17,0.6500,0.6130
2011-08-18,0.6130,0.6388
2011-08-19,0.6250,0.6380
2011-08-22,0.6130,0.5700
2011-08-23,0.6000,0.6000
2011-08-24,0.6000,0.6000
2011-08-25,0.6000,0.6000
2011-08-26,0.6000,0.6000
2011-08-29,0.6000,0.6000
2011-08-30,0.6000,0.6000
2011-08-31,0.6000,0.6000
2011-09-01,0.5650,0.5600
2011-09-02,0.5600,0.5600
2011-09-06,0.5428,0.5300
2011-09-07,0.5210,0.5328
2011-09-08,0.5580,0.5300
2011-09-09,0.5300,0.5580
2011-09-12,0.5228,0.5600
2011-09-13,0.5228,0.5500
2011-09-14,0.5100,0.5200
2011-09-15,0.5700,0.5300
2011-09-16,0.5600,0.5600
2011-09-19,0.5188,0.5300
2011-09-20,0.5000,0.5430
2011-09-21,0.5200,0.5000
2011-09-22,0.5150,0.5000
2011-09-23,0.4710,0.4700
2011-09-26,0.4610,0.4790
2011-09-27,0.4600,0.4600
2011-09-28,0.4600,0.4600
2011-09-29,0.4600,0.4800
2011-09-30,0.4550,0.4400
2011-10-03,0.4250,0.5000
2011-10-04,0.5000,0.5000
2011-10-05,0.4100,0.4800
2011-10-06,0.4800,0.4900
2011-10-07,0.5150,0.4700
2011-10-10,0.4610,0.5000
2011-10-11,0.5000,0.5000
2011-10-12,0.5000,0.4800
2011-10-13,0.5150,0.4700
2011-10-14,0.5050,0.5050
2011-10-17,0.5050,0.5050
2011-10-18,0.4700,0.4450
2011-10-19,0.5000,0.5000
2011-10-20,0.4450,0.5000
2011-10-21,0.4450,0.4650
2011-10-24,0.4400,0.4400
2011-10-25,0.4400,0.4400
2011-10-26,0.4650,0.4650
2011-10-27,0.4210,0.4650
2011-10-28,0.4650,0.4650
2011-10-31,0.4210,0.4400
2011-11-01,0.4400,0.4400
2011-11-02,0.4050,0.4350
2011-11-03,0.3750,0.4000
2011-11-04,0.4000,0.4100
2011-11-07,0.4100,0.4100
2011-11-08,0.4100,0.4000
2011-11-09,0.3750,0.3950
2011-11-10,0.3450,0.3450
2011-11-11,0.3800,0.3790
2011-11-14,0.3800,0.3950
2011-11-15,0.3800,0.3800
2011-11-16,0.3800,0.4100
2011-11-17,0.4050,0.4450
2011-11-18,0.4450,0.4450
2011-11-21,0.4450,0.4450
2011-11-22,0.4000,0.4250
2011-11-23,0.4250,0.4150
2011-11-25,0.4150,0.4150
2011-11-28,0.3950,0.3800
2011-11-29,0.4000,0.3900
2011-11-30,0.4000,0.4000
2011-12-01,0.3800,0.3950
2011-12-02,0.3950,0.3950
2011-12-05,0.3950,0.4000
2011-12-06,0.4000,0.3990
2011-12-07,0.3990,0.3990
2011-12-08,0.3990,0.3990
2011-12-09,0.3900,0.4350
2011-12-12,0.4350,0.4350
2011-12-13,0.4350,0.4350
2011-12-14,0.4000,0.4000
2011-12-15,0.3950,0.3950
2011-12-16,0.3710,0.3700
2011-12-19,0.3650,0.3510
2011-12-20,0.4000,0.3510
2011-12-21,0.3510,0.4000
2011-12-22,0.4000,0.4000
2011-12-23,0.4000,0.4000
2011-12-27,0.4000,0.4000
2011-12-28,0.3550,0.4000
2011-12-29,0.4000,0.4000
2011-12-30,0.3600,0.3900
2012-01-03,0.4200,0.4290
2012-01-04,0.4350,0.4400
2012-01-05,0.4650,0.4500
2012-01-06,0.4400,0.4640
2012-01-09,0.4640,0.4640
2012-01-10,0.4400,0.4450
2012-01-11,0.4640,0.4210
2012-01-12,0.4210,0.4450
2012-01-13,0.4050,0.4100
2012-01-17,0.4050,0.4350
2012-01-18,0.4350,0.4200
2012-01-19,0.4200,0.4350
2012-01-20,0.4250,0.4100
2012-01-23,0.4100,0.4100
2012-01-24,0.4100,0.4100
2012-01-25,0.4100,0.4100
2012-01-26,0.4350,0.4350
2012-01-27,0.3950,0.4450
2012-01-30,0.4150,0.4100
2012-01-31,0.4050,0.3950
2012-02-01,0.4050,0.3960
2012-02-02,0.4190,0.4030
2012-02-03,0.4200,0.4150
2012-02-06,0.4290,0.4290
2012-02-07,0.4160,0.4200
2012-02-08,0.4200,0.4210
2012-02-09,0.4390,0.4600
2012-02-10,0.4600,0.4600
2012-02-13,0.4690,0.4550
2012-02-14,0.4700,0.4600
2012-02-15,0.4700,0.5150
2012-02-16,0.5300,0.5200
2012-02-17,0.5200,0.5600
2012-02-21,0.5510,0.5200
2012-02-22,0.5500,0.5450
2012-02-23,0.5110,0.5010
2012-02-24,0.5050,0.5000
2012-02-27,0.5000,0.5000
2012-02-28,0.4750,0.5040
2012-02-29,0.4750,0.4700
2012-03-01,0.4850,0.5050
2012-03-02,0.5050,0.5050
2012-03-05,0.4730,0.5050
2012-03-06,0.4750,0.5050
2012-03-07,0.5050,0.5050
2012-03-08,0.5000,0.5000
2012-03-09,0.5000,0.5200
2012-03-12,0.4750,0.4700
2012-03-13,0.4320,0.4700
2012-03-14,0.4400,0.4700
2012-03-15,0.4500,0.4700
2012-03-16,0.4320,0.5300
2012-03-19,0.5300,0.5200
2012-03-20,0.4500,0.4510
2012-03-21,0.5090,0.5090
2012-03-22,0.5090,0.5090
2012-03-23,0.5090,0.5090
2012-03-26,0.4510,0.5050
2012-03-27,0.4600,0.4950
2012-03-28,0.4500,0.4800
2012-03-29,0.4500,0.4600
2012-03-30,0.4600,0.4600
2012-04-02,0.4450,0.4800
2012-04-03,0.4450,0.4450
2012-04-04,0.4450,0.4350
2012-04-05,0.4350,0.4650
2012-04-09,0.4640,0.4700
2012-04-10,0.4801,0.4801
2012-04-11,0.5001,0.5100
2012-04-12,0.5050,0.4900
2012-04-13,0.4900,0.5100
2012-04-16,0.5450,0.5450
2012-04-17,0.5200,0.5050
2012-04-18,0.4810,0.4950
2012-04-19,0.4900,0.5100
2012-04-20,0.5100,0.5100
2012-04-23,0.4800,0.4750
2012-04-24,0.5050,0.5050
2012-04-25,0.5050,0.4700
2012-04-26,0.4510,0.4510
2012-04-27,0.4510,0.4550
2012-04-30,0.4600,0.4600
2012-05-01,0.4550,0.4600
2012-05-02,0.4500,0.4600
2012-05-03,0.4750,0.4400
2012-05-04,0.4400,0.4400
2012-05-07,0.4400,0.4400
2012-05-08,0.4400,0.4450
2012-05-09,0.4450,0.4450
2012-05-10,0.4500,0.4360
2012-05-11,0.4400,0.4360
2012-05-14,0.4490,0.4220
2012-05-15,0.4128,0.4200
2012-05-16,0.4300,0.4200
2012-05-17,0.4200,0.4250
2012-05-18,0.4400,0.4200
2012-05-21,0.4250,0.4200
2012-05-22,0.4150,0.4100
2012-05-23,0.4000,0.4000
2012-05-24,0.4000,0.4150
2012-05-25,0.4100,0.4050
2012-05-29,0.4000,0.4040
2012-05-30,0.4000,0.3820
2012-05-31,0.4000,0.4000
2012-06-01,0.4080,0.4600
2012-06-04,0.4400,0.4250
2012-06-05,0.4500,0.4400
2012-06-06,0.4400,0.4400
2012-06-07,0.4650,0.4650
2012-06-08,0.4650,0.4650
2012-06-11,0.4250,0.4550
2012-06-12,0.4550,0.4750
2012-06-13,0.4650,0.4700
2012-06-14,0.4500,0.4700
2012-06-15,0.4500,0.4500
2012-06-18,0.4450,0.4600
2012-06-19,0.4600,0.4450
2012-06-20,0.4450,0.4600
2012-06-21,0.4600,0.4600
2012-06-22,0.4450,0.4600
2012-06-25,0.4450,0.4450
2012-06-26,0.4600,0.4450
2012-06-27,0.4450,0.4450
2012-06-28,0.4400,0.4250
2012-06-29,0.4300,0.4300
2012-07-02,0.4300,0.4250
2012-07-03,0.4250,0.4390
2012-07-05,0.4128,0.4350
2012-07-06,0.3700,0.4350
2012-07-09,0.4100,0.4000
2012-07-10,0.3970,0.4200
2012-07-11,0.4000,0.4000
2012-07-12,0.3960,0.4100
2012-07-13,0.3950,0.4190
2012-07-16,0.3750,0.3950
2012-07-17,0.3950,0.3870
2012-07-18,0.3900,0.4250
2012-07-19,0.4250,0.4250
2012-07-20,0.4100,0.4190
2012-07-23,0.3850,0.4100
2012-07-24,0.4050,0.4000
2012-07-25,0.4150,0.3900
2012-07-26,0.4200,0.3900
2012-07-27,0.4200,0.4200
2012-07-30,0.4200,0.4480
2012-07-31,0.4260,0.4250
2012-08-01,0.4160,0.4160
2012-08-02,0.4160,0.4200
2012-08-03,0.4050,0.4200
2012-08-06,0.4200,0.4150
2012-08-07,0.4050,0.4450
2012-08-08,0.4200,0.4450
2012-08-09,0.4450,0.4450
2012-08-10,0.4250,0.4300
2012-08-13,0.4200,0.4100
2012-08-14,0.4100,0.4000
2012-08-15,0.3960,0.4250
2012-08-16,0.4250,0.4250
2012-08-17,0.4250,0.3960
2012-08-20,0.4250,0.4260
2012-08-21,0.4000,0.4100
2012-08-22,0.4100,0.4100
2012-08-23,0.4000,0.4050
2012-08-24,0.4050,0.4050
2012-08-27,0.4100,0.3950
2012-08-28,0.3950,0.4000
2012-08-29,0.3900,0.4150
2012-08-30,0.4150,0.4150
2012-08-31,0.4150,0.4150
2012-09-04,0.3860,0.4000
2012-09-05,0.3960,0.4000
2012-09-06,0.3860,0.4000
2012-09-07,0.3950,0.3950
2012-09-10,0.4000,0.3900
2012-09-11,0.4050,0.4050
2012-09-12,0.4050,0.4050
2012-09-13,0.3800,0.4200
2012-09-14,0.4000,0.4000
2012-09-17,0.3900,0.3900
2012-09-18,0.4200,0.3950
2012-09-19,0.3950,0.3950
2012-09-20,0.3950,0.3950
2012-09-21,0.3900,0.3950
2012-09-24,0.3900,0.4000
2012-09-25,0.3750,0.4150
2012-09-26,0.4150,0.4150
2012-09-27,0.3900,0.4050
2012-09-28,0.4050,0.4050
2012-10-01,0.3650,0.3650
2012-10-02,0.4050,0.3650
2012-10-03,0.3900,0.3900
2012-10-04,0.3900,0.3900
2012-10-05,0.3800,0.4050
2012-10-08,0.4050,0.4050
2012-10-09,0.3900,0.4050
2012-10-10,0.3900,0.4050
2012-10-11,0.3900,0.4040
2012-10-12,0.3950,0.4040
2012-10-15,0.3990,0.3900
2012-10-16,0.3950,0.3950
2012-10-17,0.3950,0.3950
2012-10-18,0.3653,0.4000
2012-10-19,0.4000,0.4000
2012-10-22,0.4000,0.4000
2012-10-23,0.4000,0.3900
2012-10-24,0.4000,0.4100
2012-10-25,0.4000,0.4000
2012-10-26,0.4090,0.4090
2012-10-31,0.3900,0.4100
2012-11-01,0.4100,0.4000
2012-11-02,0.4100,0.4000
2012-11-05,0.4000,0.4000
2012-11-06,0.4000,0.4000
2012-11-07,0.4000,0.4000
2012-11-08,0.4000,0.4000
2012-11-09,0.4000,0.4000
2012-11-12,0.4050,0.4050
2012-11-13,0.4000,0.3900
2012-11-14,0.4000,0.3830
2012-11-15,0.4000,0.4000
2012-11-16,0.4000,0.4000
2012-11-19,0.3830,0.4200
2012-11-20,0.7500,0.7600
2012-11-21,0.7600,0.7700
2012-11-23,0.7700,0.7700
2012-11-26,0.7700,0.7700
2012-11-27,0.7700,0.7700
2012-11-28,0.7660,0.7700
2012-11-29,0.7700,0.7600
2012-11-30,0.7620,0.7560
2012-12-03,0.7611,0.7600
2012-12-04,0.7600,0.7600
2012-12-05,0.7600,0.7600
2012-12-06,0.7600,0.7550
2012-12-07,0.7550,0.7600
2012-12-10,0.7600,0.7650
2012-12-11,0.7650,0.7650
2012-12-12,0.7650,0.7850
2012-12-13,0.7700,0.7660
2012-12-14,0.7660,0.7700
2012-12-17,0.7650,0.7000
2012-12-18,0.6800,0.6840
2012-12-19,0.6600,0.7100
2012-12-20,0.7000,0.6600
2012-12-21,0.6800,0.6600
2012-12-24,0.7000,0.6890
2012-12-26,0.6890,0.7000
2012-12-27,0.7000,0.6900
2012-12-28,0.7000,0.7000
2012-12-31,0.7000,0.7000
2013-01-02,0.7000,0.7000
2013-01-03,0.7100,0.7190
2013-01-04,0.7190,0.7400
2013-01-07,0.7400,0.7400
2013-01-08,0.7400,0.7550
2013-01-09,0.7550,0.7500
2013-01-10,0.7600,0.7600
2013-01-11,0.7500,0.7600
2013-01-14,0.7500,0.7300
2013-01-15,0.7220,0.7230
2013-01-16,0.7260,0.7380
2013-01-17,0.7320,0.7340
2013-01-18,0.7700,0.8000
2013-01-22,0.8100,0.7950
2013-01-23,0.7899,0.7800
2013-01-24,0.7950,0.7800
2013-01-25,0.7800,0.7700
2013-01-28,0.7740,0.7850
2013-01-29,0.7950,0.8000
2013-01-30,0.7700,0.7900
2013-01-31,0.7900,0.7900
2013-02-01,0.7000,0.7900
2013-02-04,0.7900,0.8000
2013-02-05,0.7900,0.7900
2013-02-06,0.7900,0.7900
2013-02-07,0.7900,0.7900
2013-02-08,0.8000,0.8000
2013-02-11,0.7700,0.7700
2013-02-12,0.7700,0.7300
2013-02-13,0.7500,0.7700
2013-02-14,0.7600,0.7499
2013-02-15,0.7460,0.7500
2013-02-19,0.7314,0.8000
2013-02-20,0.7900,0.7800
2013-02-21,0.7850,0.7800
2013-02-22,0.7810,0.7900
2013-02-25,0.7900,0.7800
2013-02-26,0.7800,0.7800
2013-02-27,0.7800,0.7700
2013-02-28,0.7710,0.7720
2013-03-01,0.7760,0.7790
2013-03-04,0.7800,0.7900
2013-03-05,0.7800,0.7760
2013-03-06,0.7660,0.7810
2013-03-07,0.7850,0.7900
2013-03-08,0.7800,0.7720
2013-03-11,0.7800,0.7810
2013-03-12,0.7700,0.7700
2013-03-13,0.7730,0.7750
2013-03-14,0.7740,0.8000
2013-03-15,0.8100,0.8200
2013-03-18,0.8000,0.8500
2013-03-19,0.8400,0.8700
2013-03-20,0.8600,0.8500
2013-03-21,0.8300,0.8300
2013-03-22,0.8200,0.8200
2013-03-25,0.8050,0.8500
2013-03-26,0.8250,0.8300
2013-03-27,0.8300,0.8300
2013-03-28,0.8250,0.8500
2013-04-01,0.8500,0.8310
2013-04-02,0.8310,0.8350
2013-04-03,0.8350,0.8300
2013-04-04,0.8250,0.8250
2013-04-05,0.8230,0.8200
2013-04-08,0.8200,0.8200
2013-04-09,0.8300,0.8300
2013-04-10,0.8370,0.8370
2013-04-11,0.8360,0.8310
2013-04-12,0.8310,0.8310
2013-04-15,0.8500,0.8300
2013-04-16,0.8200,0.8300
2013-04-17,0.8300,0.8300
2013-04-18,0.8101,0.8390
2013-04-19,0.8200,0.8200
2013-04-22,0.8200,0.8100
2013-04-23,0.8060,0.8100
2013-04-24,0.8400,0.8400
2013-04-25,0.8051,0.8400
2013-04-26,0.8100,0.8500
2013-04-29,0.8400,0.8400
2013-04-30,0.8400,0.8400
2013-05-01,0.8300,0.8100
2013-05-02,0.8310,0.8200
2013-05-03,0.8200,0.8200
2013-05-06,0.8300,0.8300
2013-05-07,0.8300,0.8300
2013-05-08,0.7900,0.7950
2013-05-09,0.8000,0.8100
2013-05-10,0.8100,0.8100
2013-05-13,0.8100,0.8100
2013-05-14,0.8100,0.8100
2013-05-15,0.8100,0.8100
2013-05-16,0.8000,0.8200
2013-05-17,0.8200,0.8200
2013-05-20,0.8200,0.8400
2013-05-21,0.8270,0.8000
2013-05-22,0.8000,0.8010
2013-05-23,0.8010,0.8010
2013-05-24,0.8200,0.8100
2013-05-28,0.8100,0.8100
2013-05-29,0.8200,0.8200
2013-05-30,0.8200,0.8200
2013-05-31,0.8400,0.8400
2013-06-03,0.8400,0.8400
2013-06-04,0.8400,0.8400
2013-06-05,0.8400,0.8400
2013-06-06,0.8400,0.8400
2013-06-07,0.8390,0.8400
2013-06-10,0.8350,0.8190
2013-06-11,0.8265,0.8400
2013-06-12,0.8400,0.8400
2013-06-13,0.8210,0.8400
2013-06-14,0.8210,0.8395
2013-06-17,0.8190,0.8190
2013-06-18,0.8300,0.8350
2013-06-19,0.8220,0.8220
2013-06-20,0.8220,0.8220
2013-06-21,0.8220,0.8220
2013-06-24,0.8233,0.8233
2013-06-25,0.8220,0.8220
2013-06-26,0.8220,0.8250
2013-06-27,0.8250,0.8250
2013-06-28,0.8250,0.8200
2013-07-01,0.8200,0.8200
2013-07-02,0.8200,0.8300
2013-07-03,0.8300,0.8300
2013-07-05,0.8300,0.8350
2013-07-08,0.8300,0.8400
2013-07-09,0.8300,0.8200
2013-07-10,0.8200,0.8200
2013-07-11,0.8350,0.8300
2013-07-12,0.8110,0.8350
2013-07-15,0.8300,0.8400
2013-07-16,0.8300,0.8110
2013-07-17,0.8300,0.8100
2013-07-18,0.8190,0.8190
2013-07-19,0.8350,0.8350
2013-07-22,0.8350,0.8350
2013-07-23,0.8350,0.8350
2013-07-24,0.8350,0.8350
2013-07-25,0.8100,0.8100
2013-07-26,0.8100,0.8390
2013-07-29,0.8010,0.8010
2013-07-30,0.8010,0.8010
2013-07-31,0.8200,0.8200
2013-08-01,0.8200,0.8200
2013-08-02,0.8300,0.8200
2013-08-05,0.8200,0.8200
2013-08-06,0.8030,0.8030
2013-08-07,0.8030,0.8030
2013-08-08,0.8200,0.8390
2013-08-09,0.8250,0.8200
2013-08-12,0.8200,0.8200
2013-08-13,0.8390,0.8100
2013-08-14,0.8100,0.8100
2013-08-15,0.8400,0.8300
2013-08-16,0.8350,0.8100
2013-08-19,0.8110,0.8110
2013-08-20,0.8110,0.8110
2013-08-21,0.8150,0.8120
2013-08-22,0.8200,0.8200
2013-08-23,0.8020,0.8020
2013-08-26,0.8100,0.8100
2013-08-27,0.8250,0.8400
2013-08-28,0.8435,0.8500
2013-08-29,0.8400,0.8400
2013-08-30,0.8301,0.8400
2013-09-03,0.8300,0.8300
2013-09-04,0.8400,0.8500
2013-09-05,0.8500,0.8500
2013-09-06,0.8500,0.8500
2013-09-09,0.8500,0.8500
2013-09-10,0.8400,0.8400
2013-09-11,0.8300,0.8480
2013-09-12,0.8500,0.8300
2013-09-13,0.8500,0.8400
2013-09-16,0.8550,0.8400
2013-09-17,0.8400,0.8300
2013-09-18,0.8300,0.8300
2013-09-19,0.8300,0.8300
2013-09-20,0.8315,0.8315
2013-09-23,0.8405,0.8350
2013-09-24,0.8350,0.8300
2013-09-25,0.8500,0.8500
2013-09-26,0.8300,0.8300
2013-09-27,0.8200,0.8200
2013-09-30,0.8210,0.8210
2013-10-01,0.8350,0.8228
2013-10-02,0.8300,0.8300
2013-10-03,0.8350,0.8300
2013-10-04,0.8300,0.8300
2013-10-07,0.8300,0.8300
2013-10-08,0.8300,0.8300
2013-10-09,0.8300,0.8300
2013-10-10,0.8400,0.8400
2013-10-11,0.8300,0.8300
2013-10-14,0.8300,0.8300
2013-10-15,0.8300,0.8300
2013-10-16,0.8301,0.8301
2013-10-17,0.8210,0.8251
2013-10-18,0.8251,1.0400
2013-10-21,1.0600,1.1400
2013-10-22,1.1500,1.3600
2013-10-23,1.4000,1.3400
2013-10-24,1.3300,1.3100
2013-10-25,1.3100,1.3000
2013-10-28,1.3000,1.5200
2013-10-29,1.5200,1.4300
2013-10-30,1.4500,1.4600
2013-10-31,1.4600,1.5200
2013-11-01,1.5200,1.5500
2013-11-04,1.5500,1.5500
2013-11-05,1.5500,1.5500
2013-11-06,1.5800,1.5500
2013-11-07,1.5600,1.5600
2013-11-08,1.5520,1.5500
2013-11-11,1.5500,1.5500
2013-11-12,1.5500,1.5500
2013-11-13,1.5600,1.5900
2013-11-14,1.5800,1.5900
2013-11-15,1.5900,1.5600
2013-11-18,1.5600,1.5600
2013-11-19,1.5800,1.6400
2013-11-20,1.6200,1.6500
2013-11-21,1.6800,1.6600
2013-11-22,1.6800,1.6600
2013-11-25,1.6700,1.6000
2013-11-26,1.5700,1.5500
2013-11-27,1.5360,1.5500
2013-11-29,1.5500,1.5500
2013-12-02,1.5500,1.5500
2013-12-03,1.5500,1.5000
2013-12-04,1.5100,1.5500
2013-12-05,1.5600,1.6500
2013-12-06,1.6600,1.5700
2013-12-09,1.5650,1.5800
2013-12-10,1.5800,1.6000
2013-12-11,1.6000,1.5500
2013-12-12,1.5500,1.5500
2013-12-13,1.5500,1.5500
2013-12-16,1.5500,1.5500
2013-12-17,1.5500,1.5500
2013-12-18,1.5550,1.5700
2013-12-19,1.6000,1.6000
2013-12-20,1.6000,1.6400
2013-12-23,1.5500,1.6200
2013-12-24,1.6200,1.6200
2013-12-26,1.6100,1.5500
2013-12-27,1.6000,1.6000
2013-12-30,1.6000,1.5000
2013-12-31,1.5000,1.5500
2014-01-02,1.5500,1.5900
2014-01-03,1.5800,1.6000
2014-01-06,1.6100,1.6100
2014-01-07,1.5800,1.6000
2014-01-08,1.5950,1.5700
2014-01-09,1.5700,1.6000
2014-01-10,1.6100,1.6700
2014-01-13,1.6500,1.6700
2014-01-14,1.6700,1.6500
2014-01-15,1.6500,1.6600
2014-01-16,1.6600,1.7000
2014-01-17,1.7000,1.7100
2014-01-21,1.7000,1.7000
2014-01-22,1.7100,1.7000
2014-01-23,1.7080,1.7000
2014-01-24,1.7050,1.6900
2014-01-27,1.7020,1.7100
2014-01-28,1.7100,1.6700
2014-01-29,1.6500,1.6400
2014-01-30,1.6400,1.5800
2014-01-31,1.6000,1.5600
2014-02-03,1.5500,1.5600
2014-02-04,1.5700,1.6100
2014-02-05,1.6100,1.6100
2014-02-06,1.6850,1.5500
2014-02-07,1.5700,1.5700
2014-02-10,1.5700,1.5700
2014-02-11,1.5700,1.5600
2014-02-12,1.5600,1.5600
2014-02-13,1.5600,1.5600
2014-02-14,1.5600,1.5600
2014-02-18,1.5900,1.6000
2014-02-19,1.6000,1.6000
2014-02-20,1.5900,1.5900
2014-02-21,1.6000,1.7400
2014-02-24,1.7400,1.7700
2014-02-25,1.7700,1.7400
2014-02-26,1.6900,1.6900
2014-02-27,1.7800,1.7800
2014-02-28,1.7800,1.7800
2014-03-03,1.7650,1.7900
2014-03-04,1.7900,1.7900
2014-03-05,1.7900,1.8000
2014-03-06,1.7800,1.7800
2014-03-07,1.7200,1.8000
2014-03-10,1.8000,1.8000
2014-03-11,1.7500,1.7000
2014-03-12,1.7100,1.7000
2014-03-13,1.7000,1.7000
2014-03-14,1.7100,1.7100
2014-03-17,1.7000,1.7200
2014-03-18,1.7200,1.7000
2014-03-19,1.7500,1.7500
2014-03-20,1.7500,1.7500
2014-03-21,1.7820,1.7500
2014-03-24,1.6200,1.7600
2014-03-25,1.6200,1.7200
2014-03-26,1.6700,1.6800
2014-03-27,1.6800,1.6800
2014-03-28,1.6700,1.8000
2014-03-31,1.6800,1.6800
2014-04-01,1.7500,1.7500
2014-04-02,1.7200,1.7000
2014-04-03,1.8000,1.7400
2014-04-04,1.7900,1.7500
2014-04-07,1.7500,1.7500
2014-04-08,1.7500,1.8400
2014-04-09,1.8400,1.8400
2014-04-10,1.8000,1.8400
2014-04-11,1.8400,1.8400
2014-04-14,1.8400,1.7400
2014-04-15,1.7400,1.7400
2014-04-16,1.7600,1.7450
2014-04-17,1.7450,1.7450
2014-04-21,1.7600,1.7200
2014-04-22,1.7400,1.8900
2014-04-23,1.8900,1.8900
2014-04-24,1.8700,1.8900
2014-04-25,1.8950,1.8800
2014-04-28,1.8080,1.7900
2014-04-29,1.7900,1.7900
2014-04-30,1.8000,1.7800
2014-05-01,1.8600,1.7850
2014-05-02,1.7900,1.7800
2014-05-05,1.7800,1.8300
2014-05-06,1.7600,1.7800
2014-05-07,1.8000,1.8000
2014-05-08,1.8000,1.7700
2014-05-09,1.7780,1.7700
2014-05-12,1.7800,1.7800
2014-05-13,1.8000,1.7700
2014-05-14,1.7100,1.7100
2014-05-15,1.8900,2.3300
2014-05-16,2.3500,2.5300
2014-05-19,2.5300,2.6300
2014-05-20,2.6150,2.6200
2014-05-21,2.6200,2.6100
2014-05-22,2.6400,2.5850
2014-05-23,2.5500,2.5900
2014-05-27,2.5900,2.5800
2014-05-28,2.5800,2.6100
2014-05-29,2.5900,2.5700
2014-05-30,2.5100,2.5300
2014-06-02,2.5300,2.4800
2014-06-03,2.4900,2.4900
2014-06-04,2.4700,2.4500
2014-06-05,2.4700,2.4500
2014-06-06,2.4500,2.4500
2014-06-09,2.4400,2.4200
2014-06-10,2.4000,2.4300
2014-06-11,2.4260,2.4500
2014-06-12,2.4150,2.4600
2014-06-13,2.4500,2.4500
2014-06-16,2.3900,2.4000
2014-06-17,2.4000,2.4500
2014-06-18,2.3900,2.4200
2014-06-19,2.4100,2.4700
2014-06-20,2.4800,2.5000
2014-06-23,2.5000,2.5000
2014-06-24,2.5000,2.5000
2014-06-25,2.4500,2.4800
2014-06-26,2.4970,2.6000
2014-06-27,2.6000,2.6000
2014-06-30,2.5500,2.4500
2014-07-01,2.4500,2.4500
2014-07-02,2.4400,2.4400
2014-07-03,2.4320,2.4500
2014-07-07,2.4600,2.4400
2014-07-08,2.4800,2.4800
2014-07-09,2.4800,2.6000
2014-07-10,2.6000,2.5500
2014-07-11,2.5200,2.5000
2014-07-14,2.5200,2.5400
2014-07-15,2.5700,2.5400
2014-07-16,2.5660,2.6500
2014-07-17,2.6950,2.9600
2014-07-18,2.9900,2.9300
2014-07-21,2.9200,3.0400
2014-07-22,3.0600,3.1500
2014-07-23,3.1600,3.2400
2014-07-24,3.2400,3.1800
2014-07-25,3.1800,3.1600
2014-07-28,3.1650,3.1700
2014-07-29,3.1700,3.2000
2014-07-30,3.1920,3.1700
2014-07-31,3.1900,3.1700
2014-08-01,3.1700,3.0900
2014-08-04,3.0900,3.0300
2014-08-05,2.9700,3.0000
2014-08-06,3.0000,3.0000
2014-08-07,3.0000,3.0000
2014-08-08,3.0400,3.0300
2014-08-11,2.9800,2.9900
2014-08-12,3.0050,3.0100
2014-08-13,3.0500,3.0700
2014-08-14,3.1000,3.2080
2014-08-15,3.2200,3.2800
2014-08-18,3.2800,3.6300
2014-08-19,3.6300,3.5600
2014-08-20,3.5000,3.5300
2014-08-21,3.5000,3.5000
2014-08-22,3.4760,3.5100
2014-08-25,3.5300,3.5200
2014-08-26,3.5700,3.5600
2014-08-27,3.5210,3.5000
2014-08-28,3.5000,3.5400
2014-08-29,3.5150,3.5500
2014-09-02,3.5800,3.6000
2014-09-03,3.6900,3.6300
2014-09-04,3.6300,3.6500
2014-09-05,3.6750,3.6600
2014-09-08,3.6400,3.5500
2014-09-09,3.6300,3.6300
2014-09-10,3.5820,3.5300
2014-09-11,3.5000,3.5000
2014-09-12,3.5000,3.4800
2014-09-15,3.5000,3.6000
2014-09-16,3.5000,3.5000
2014-09-17,3.5000,3.5000
2014-09-18,3.5140,3.5300
2014-09-19,3.5500,3.5100
2014-09-22,3.5100,3.4900
2014-09-23,3.4900,3.5000
2014-09-24,3.5000,3.5100
2014-09-25,3.4800,3.4800
2014-09-26,3.5050,3.5000
2014-09-29,3.5250,3.5000
2014-09-30,3.5250,3.5000
2014-10-01,3.5000,3.3700
2014-10-02,3.3700,3.4500
2014-10-03,3.4500,3.4100
2014-10-06,3.4300,3.4300
2014-10-07,3.4200,3.4400
2014-10-08,3.4100,3.4400
2014-10-09,3.3500,3.4000
2014-10-10,3.2500,3.3500
2014-10-13,3.3200,3.0000
2014-10-14,3.2200,3.1900
2014-10-15,3.2100,3.2500
2014-10-16,3.2000,3.2000
2014-10-17,3.2700,3.3500
2014-10-20,3.2900,3.3600
2014-10-21,3.3500,3.3100
2014-10-22,3.3200,3.3500
2014-10-23,3.3600,3.3600
2014-10-24,3.3900,3.5000
2014-10-27,3.5000,3.3300
2014-10-28,3.3500,3.2700
2014-10-29,3.2500,3.2700
2014-10-30,3.2300,3.2200
2014-10-31,3.2200,3.3500
2014-11-03,3.3100,3.2500
2014-11-04,3.2900,3.2500
2014-11-05,3.2450,3.5000
2014-11-06,3.4900,3.4500
2014-11-07,3.4530,3.4500
2014-11-10,3.4800,3.4500
2014-11-11,3.5500,3.7000
2014-11-12,3.6000,3.7000
2014-11-13,3.7000,3.6500
2014-11-14,3.4700,3.6000
2014-11-17,3.5400,3.6000
2014-11-18,3.5500,3.6200
2014-11-19,3.6200,3.8000
2014-11-20,3.8600,3.7800
2014-11-21,3.7900,3.7900
2014-11-24,3.8900,4.0000
2014-11-25,4.0000,4.0900
2014-11-26,4.0800,4.0700
2014-11-28,4.0200,4.0000
2014-12-01,3.7700,4.0400
2014-12-02,4.0600,4.0700
2014-12-03,3.7800,4.0000
2014-12-04,4.0000,4.0000
2014-12-05,4.0000,4.0100
2014-12-08,4.0000,4.0500
2014-12-09,4.0000,4.0500
2014-12-10,4.0200,4.0400
2014-12-11,4.0200,3.9900
2014-12-12,4.0000,4.0000
2014-12-15,4.0000,4.0200
2014-12-16,4.0000,4.0200
2014-12-17,3.9700,3.9900
2014-12-18,4.0200,3.9900
2014-12-19,3.9500,4.0500
2014-12-22,4.0400,4.0100
2014-12-23,4.0400,4.0500
2014-12-24,4.0800,4.0100
2014-12-26,4.0500,4.0500
2014-12-29,4.0200,4.0100
2014-12-30,4.0000,4.0400
2014-12-31,4.0300,4.3500
2015-01-02,4.2000,3.8800
2015-01-05,3.8700,3.5700
2015-01-06,3.5700,3.8500
2015-01-07,3.8500,3.9300
2015-01-08,3.9300,3.9300
2015-01-09,3.8660,3.8000
2015-01-12,3.7500,3.7000
2015-01-13,3.7400,3.7000
2015-01-14,3.6500,3.7200
2015-01-15,3.7000,3.7200
2015-01-16,3.7200,3.9500
2015-01-20,3.9500,4.1400
2015-01-21,4.0000,4.0000
2015-01-22,3.9550,4.0000
2015-01-23,3.8500,3.9000
2015-01-26,3.9000,3.9000
2015-01-27,3.9100,3.9200
2015-01-28,3.9100,3.9100
2015-01-29,3.8620,3.8500
2015-01-30,3.9100,4.0500
2015-02-02,4.0400,3.9700
2015-02-03,3.9400,3.8700
2015-02-04,3.9000,3.8260
2015-02-05,3.8600,3.8300
2015-02-06,3.8300,3.8300
2015-02-09,3.8300,3.8200
2015-02-10,3.8600,3.9500
2015-02-11,3.9500,3.8300
2015-02-12,3.9000,4.0000
2015-02-13,4.0000,4.2400
2015-02-17,4.2500,4.2500
2015-02-18,4.3000,4.2700
2015-02-19,4.2600,4.2900
2015-02-20,4.2850,4.3400
2015-02-23,4.3400,4.3000
2015-02-24,4.2500,4.2500
2015-02-25,4.2500,4.3300
2015-02-26,4.3150,4.3000
2015-02-27,4.3300,4.4500
2015-03-02,4.3700,4.4200
2015-03-03,4.4500,4.5000
2015-03-04,4.4400,4.4000
2015-03-05,4.4000,4.4000
2015-03-06,4.4000,4.4000
2015-03-09,4.4900,4.4100
2015-03-10,4.4100,4.4000
2015-03-11,4.4140,4.3800
2015-03-12,4.3500,4.3500
2015-03-13,4.3500,4.3500
2015-03-16,4.3500,4.3500
2015-03-17,4.3000,4.3000
2015-03-18,4.3100,4.3000
2015-03-19,4.3100,4.3200
2015-03-20,4.3500,4.3500
2015-03-23,4.3500,4.3300
2015-03-24,4.3300,4.3300
2015-03-25,4.3360,4.2500
2015-03-26,4.2000,4.2000
2015-03-27,4.2500,4.2500
2015-03-30,4.2650,4.2500
2015-03-31,4.2500,4.3000
2015-04-01,4.2900,4.3000
2015-04-02,4.2000,4.2000
2015-04-06,4.2000,4.3200
2015-04-07,4.3200,4.2800
2015-04-08,4.3300,4.3000
2015-04-09,4.3000,4.1500
2015-04-10,4.1600,4.1600
2015-04-13,4.1700,4.2000
2015-04-14,4.2450,4.4800
2015-04-15,4.4400,4.4500
2015-04-16,4.5100,4.5100
2015-04-17,4.5000,4.5600
2015-04-20,4.5900,4.6500
2015-04-21,4.6300,4.6500
2015-04-22,4.6060,4.5000
2015-04-23,4.6500,4.6500
2015-04-24,4.7900,4.6800
2015-04-27,4.6000,4.6000
2015-04-28,4.6200,4.6800
2015-04-29,4.6520,4.6500
2015-04-30,4.6500,4.6500
2015-05-01,4.6500,4.6000
2015-05-04,4.5600,4.5000
2015-05-05,4.5000,4.5000
2015-05-06,4.5000,4.4900
2015-05-07,4.4800,4.5100
2015-05-08,4.5100,4.5100
2015-05-11,4.5100,4.5100
2015-05-12,4.6000,4.5500
2015-05-13,4.5500,4.5500
2015-05-14,4.5460,4.6000
2015-05-15,4.0600,3.9400
2015-05-18,3.8900,4.0300
2015-05-19,4.0500,4.1000
2015-05-20,4.1000,4.1200
2015-05-21,4.1300,4.1200
2015-05-22,4.1300,4.1700
2015-05-26,4.1700,4.1500
2015-05-27,4.1500,4.1000
2015-05-28,4.1000,4.0500
2015-05-29,4.0400,3.9900
2015-06-01,4.0000,4.0300
2015-06-02,3.9500,3.9500
2015-06-03,3.9000,4.0000
2015-06-04,3.9700,3.9700
2015-06-05,3.9000,3.9000
2015-06-08,3.9000,4.0000
2015-06-09,3.9750,3.9500
2015-06-10,4.0000,3.9600
2015-06-11,4.0000,3.9400
2015-06-12,3.9000,4.0000
2015-06-15,3.9200,3.9700
2015-06-16,3.9700,3.9300
2015-06-17,4.1500,3.9500
2015-06-18,3.9750,3.9500
2015-06-19,3.9500,3.9300
2015-06-22,3.9000,3.9000
2015-06-23,3.8750,3.9000
2015-06-24,3.8750,3.8500
2015-06-25,3.8800,3.8800
2015-06-26,3.8750,3.8500
2015-06-29,3.8500,3.8500
2015-06-30,3.8500,3.8500
2015-07-01,3.8500,3.8500
2015-07-02,3.8800,3.8500
2015-07-06,3.7800,3.7500
2015-07-07,3.7500,3.7200
2015-07-08,3.7200,3.8100
2015-07-09,3.7000,3.7000
2015-07-10,3.8000,3.8000
2015-07-13,4.3150,4.8500
2015-07-14,4.8500,4.7000
2015-07-15,4.6200,4.4200
2015-07-16,4.4300,4.3300
2015-07-17,4.4000,4.4500
2015-07-20,4.3600,4.2500
2015-07-21,4.2800,4.2000
2015-07-22,4.1500,4.2000
2015-07-23,4.2000,4.2200
2015-07-24,4.2400,4.2200
2015-07-27,4.2200,4.0000
2015-07-28,4.0500,4.0600
2015-07-29,4.0900,4.0600
2015-07-30,4.1000,4.1800
2015-07-31,4.2000,4.2500
2015-08-03,4.2000,4.2000
2015-08-04,4.2000,4.2500
2015-08-05,4.2000,4.3156
2015-08-06,4.2500,4.2800
2015-08-07,4.2800,4.2000
2015-08-10,4.2500,4.2500
2015-08-11,4.3000,4.3000
2015-08-12,4.3100,4.2600
2015-08-13,4.3500,4.3000
2015-08-14,4.2600,4.2700
2015-08-17,4.2700,4.1500
2015-08-18,4.1500,4.2000
2015-08-19,4.2000,4.1600
2015-08-20,4.1500,3.9700
2015-08-21,4.0000,4.0000
2015-08-24,4.0000,3.9000
2015-08-25,3.9200,3.8700
2015-08-26,3.8800,3.9500
2015-08-27,3.9350,3.9500
2015-08-28,3.9700,3.9000
2015-08-31,3.9150,3.9500
2015-09-01,3.9500,3.9100
2015-09-02,3.9500,3.9500
2015-09-03,3.9500,3.9500
2015-09-04,4.0750,3.9500
2015-09-08,3.9250,3.9500
2015-09-09,3.9500,3.9500
2015-09-10,3.9500,3.9500
2015-09-11,4.0250,3.8000
2015-09-14,3.9000,4.0000
2015-09-15,3.9500,4.1000
2015-09-16,4.1300,4.1000
2015-09-17,4.0000,4.1900
2015-09-18,4.2000,4.0600
2015-09-21,4.1000,4.0700
2015-09-22,4.0750,3.9000
2015-09-23,3.9000,3.9000
2015-09-24,3.9750,3.9000
2015-09-25,3.9250,3.9000
2015-09-28,3.9000,3.8500
2015-09-29,3.8500,3.8500
2015-09-30,3.6500,3.9500
2015-10-01,3.9200,3.8300
2015-10-02,3.8500,3.8400
2015-10-05,3.8650,3.9600
2015-10-06,3.9300,4.2500
2015-10-07,4.2100,4.3400
2015-10-08,4.3600,4.2200
2015-10-09,4.2520,4.3000
2015-10-12,4.3100,4.3100
2015-10-13,4.2300,4.2300
2015-10-14,4.2300,4.2300
2015-10-15,4.2950,4.2500
2015-10-16,4.2500,4.3400
2015-10-19,4.3900,4.4200
2015-10-20,4.5000,4.4100
2015-10-21,4.4000,4.3500
2015-10-22,4.4400,4.4000
2015-10-23,4.3850,4.5200
2015-10-26,4.5200,4.5200
2015-10-27,4.5000,4.5000
2015-10-28,4.4800,4.4400
2015-10-29,4.3500,4.2100
2015-10-30,4.3000,4.4000
2015-11-02,4.4000,4.7000
2015-11-03,4.7500,4.8000
2015-11-04,4.5000,4.8500
2015-11-05,4.8700,5.0100
2015-11-06,5.0500,5.1500
2015-11-09,5.0100,5.0500
2015-11-10,5.0800,5.1500
2015-11-11,5.0800,5.0500
2015-11-12,5.0200,4.9700
2015-11-13,4.9600,4.5000
2015-11-16,4.4500,4.5500
2015-11-17,4.5500,4.7000
2015-11-18,4.7000,4.6000
2015-11-19,4.6900,4.6800
2015-11-20,4.7250,4.5500
2015-11-23,4.5500,4.5500
2015-11-24,4.3500,4.3500
2015-11-25,4.3100,4.5000
2015-11-27,4.5500,4.8000
2015-11-30,4.9000,4.9500
2015-12-01,4.9500,4.9000
2015-12-02,4.9250,4.7400
2015-12-03,4.7650,4.6500
2015-12-04,4.6500,4.7900
2015-12-07,4.6500,4.7500
2015-12-08,4.7500,4.7500
2015-12-09,4.7000,4.6100
2015-12-10,4.5500,4.5300
2015-12-11,4.5550,4.4200
2015-12-14,4.3500,4.6500
2015-12-15,4.6500,4.6500
2015-12-16,4.5000,4.6400
2015-12-17,4.6400,4.6400
2015-12-18,4.5500,4.6230
2015-12-21,4.6230,4.6230
2015-12-22,4.6300,4.6500
2015-12-23,4.7000,4.7000
2015-12-24,4.7000,4.7000
2015-12-28,4.7000,4.7000
2015-12-29,4.7000,4.6500
2015-12-30,4.7000,4.6700
2015-12-31,4.6500,4.5900
2016-01-04,4.6000,4.7200
2016-01-05,4.8000,4.8000
2016-01-06,4.6600,4.7000
2016-01-07,4.6000,4.6500
2016-01-08,4.6400,4.5600
2016-01-11,4.8000,4.4000
2016-01-12,4.4000,4.5200
2016-01-13,4.6000,4.5200
2016-01-14,4.4800,4.4500
2016-01-15,4.3900,4.2500
2016-01-19,4.2500,4.3300
2016-01-20,4.2100,4.5400
2016-01-21,4.1800,4.5400
2016-01-22,4.5000,4.3000
2016-01-25,4.2950,4.2500
2016-01-26,4.2500,4.2500
2016-01-27,4.2500,4.4500
2016-01-28,4.2500,4.5500
2016-01-29,5.0000,4.8500
2016-02-01,4.7500,4.6000
2016-02-02,4.6100,4.3500
2016-02-03,4.6500,4.4000
2016-02-04,4.4000,4.4000
2016-02-05,4.3500,4.2500
2016-02-08,4.2500,4.0900
2016-02-09,4.0900,4.1000
2016-02-10,4.1000,4.1000
2016-02-11,4.1100,4.2000
2016-02-12,4.1900,4.1500
2016-02-16,4.1100,4.1000
2016-02-17,4.0700,4.1500
2016-02-18,4.1500,4.1500
2016-02-19,4.1500,4.1500
2016-02-22,4.1600,4.1600
2016-02-23,4.1600,4.1600
2016-02-24,4.1600,4.1600
2016-02-25,4.1500,4.1800
2016-02-26,4.1800,4.1800
2016-02-29,4.1500,4.1800
2016-03-01,4.1500,4.1800
2016-03-02,4.1800,4.1800
2016-03-03,4.1800,4.1900
2016-03-04,4.1800,4.1700
2016-03-07,4.1700,4.1600
2016-03-08,4.1600,4.1600
2016-03-09,4.1600,4.1600
2016-03-10,4.1800,4.1600
2016-03-11,4.1600,4.1700
2016-03-14,4.1700,4.1610
2016-03-15,4.1600,4.1500
2016-03-16,4.1680,4.1680
2016-03-17,4.1600,4.1600
2016-03-18,4.1590,4.1550
2016-03-21,4.1500,4.1900
2016-03-22,4.1900,4.2500
2016-03-23,4.2500,4.2500
2016-03-24,4.2400,4.2500
2016-03-28,4.2490,4.3500
2016-03-29,4.3500,4.3200
2016-03-30,4.2900,4.2900
2016-03-31,4.2900,4.3500
2016-04-01,4.3300,4.3300
2016-04-04,4.3300,4.3400
2016-04-05,4.2500,4.2800
2016-04-06,4.3000,4.3000
2016-04-07,4.2720,4.2600
2016-04-08,4.2600,4.2400
2016-04-11,4.2230,4.1500
2016-04-12,4.1300,4.1300
2016-04-13,4.1000,4.0200
2016-04-14,4.0000,4.0500
2016-04-15,4.0500,4.0500
2016-04-18,3.9000,4.0000
2016-04-19,3.9500,4.0399
2016-04-20,4.0100,4.0100
2016-04-21,4.0001,4.0000
2016-04-22,3.9950,3.9700
2016-04-25,4.0260,4.0260
2016-04-26,4.0400,4.0200
2016-04-27,3.9900,4.0000
2016-04-28,4.0100,4.0000
2016-04-29,4.0000,4.3000
2016-05-02,4.1500,3.9900
2016-05-03,4.0000,3.9900
2016-05-04,3.9900,3.8999
2016-05-05,3.9000,3.9500
2016-05-06,3.8700,3.8200
2016-05-09,3.8100,3.8500
2016-05-10,4.0000,4.0600
2016-05-11,4.1900,4.1100
2016-05-12,4.1699,4.1000
2016-05-13,4.0500,4.0400
2016-05-16,4.1200,4.1400
2016-05-17,4.1366,4.1200
2016-05-18,4.1000,4.1200
2016-05-19,4.0200,4.1700
2016-05-20,4.1499,4.1700
2016-05-23,4.1100,4.1200
2016-05-24,4.1800,4.1400
2016-05-25,4.1500,4.1400
2016-05-26,4.1000,4.1500
2016-05-27,4.1400,4.1500
2016-05-31,4.1500,4.1700
2016-06-01,4.1500,4.1500
2016-06-02,4.1500,4.1600
2016-06-03,4.1600,4.2700
2016-06-06,4.0830,4.2400
2016-06-07,4.2300,4.4200
2016-06-08,4.3100,4.3000
2016-06-09,4.3200,4.3200
2016-06-10,4.3589,4.6440
2016-06-13,4.6400,5.0300
2016-06-14,5.0900,5.0500
2016-06-15,5.1000,5.4200
2016-06-16,5.2400,5.4800
2016-06-17,5.4700,4.8000
2016-06-20,4.9400,4.4500
2016-06-21,4.5000,4.6600
2016-06-22,4.6600,4.4700
2016-06-23,4.4200,4.4900
2016-06-24,4.4400,4.6400
2016-06-27,4.7000,4.8600
2016-06-28,4.8600,4.8700
2016-06-29,4.8800,4.9500
2016-06-30,4.9700,5.0000
2016-07-01,5.1000,4.9600
2016-07-05,4.8800,4.8000
2016-07-06,4.7900,4.7800
2016-07-07,4.6399,4.7200
2016-07-08,4.7200,4.8900
2016-07-11,4.9200,4.9300
2016-07-12,4.9000,4.9600
2016-07-13,4.9300,4.8900
2016-07-14,4.9500,4.8900
2016-07-15,4.8900,4.9000
2016-07-18,4.9600,4.9000
2016-07-19,4.9500,4.8600
2016-07-20,4.9200,4.9600
2016-07-21,5.0100,4.9400
2016-07-22,4.9800,4.8500
2016-07-25,4.8000,4.7300
2016-07-26,4.8000,4.8300
2016-07-27,4.8300,4.7800
2016-07-28,4.8400,4.7400
2016-07-29,4.6814,4.8300
2016-08-01,4.7100,4.6500
2016-08-02,4.7200,4.5100
2016-08-03,4.6000,4.5700
2016-08-04,4.7100,4.5000
2016-08-05,4.4902,4.5800
2016-08-08,4.4600,4.4600
2016-08-09,4.4200,4.7100
2016-08-10,4.8000,4.5600
2016-08-11,4.4400,4.6200
2016-08-12,4.7200,4.8000
2016-08-15,4.8923,4.8200
2016-08-16,4.7600,4.7700
2016-08-17,4.7900,4.7800
2016-08-18,4.7900,4.7900
2016-08-19,4.7900,4.7400
2016-08-22,4.7400,4.7400
2016-08-23,4.7500,4.7600
2016-08-24,4.7400,4.6200
2016-08-25,4.5900,4.6000
2016-08-26,4.5800,4.5600
2016-08-29,4.5600,4.5800
2016-08-30,4.5100,4.5400
2016-08-31,4.5800,4.5700
2016-09-01,4.5500,4.7700
2016-09-02,4.7000,4.8000
2016-09-06,4.8600,4.8300
2016-09-07,4.8700,4.8300
2016-09-08,4.9200,4.9500
2016-09-09,4.9500,4.8600
2016-09-12,4.8900,4.8700
2016-09-13,4.8900,4.7600
2016-09-14,4.7500,4.6400
2016-09-15,4.7400,4.5000
2016-09-16,4.6100,4.6200
2016-09-19,4.6100,4.8100
2016-09-20,4.8500,4.8800
2016-09-21,4.9100,4.9200
2016-09-22,4.9000,4.8900
2016-09-23,4.9200,4.7800
2016-09-26,4.7200,4.5700
2016-09-27,4.5200,4.7000
2016-09-28,4.6300,4.5800
2016-09-29,4.5200,4.5300
2016-09-30,4.5100,4.7000
2016-10-03,4.5800,4.5800
2016-10-04,4.5500,4.4100
2016-10-05,4.3700,4.4500
2016-10-06,4.4000,4.5100
2016-10-07,4.4700,4.4700
2016-10-10,4.4400,4.5200
2016-10-11,4.4800,4.4700
2016-10-12,4.4300,4.4900
2016-10-13,4.4400,4.3700
2016-10-14,4.3100,4.3500
2016-10-17,4.3100,4.3600
2016-10-18,4.3800,4.3900
2016-10-19,4.3700,4.4400
2016-10-20,4.4000,4.4000
2016-10-21,4.3600,4.4100
2016-10-24,4.4800,4.4400
2016-10-25,4.4100,4.4100
2016-10-26,4.3700,4.2900
2016-10-27,4.2700,4.1400
2016-10-28,4.0301,3.9800
2016-10-31,3.9500,3.9900
2016-11-01,3.9700,3.9400
2016-11-02,3.9600,3.7800
2016-11-03,3.8100,3.8300
2016-11-04,3.8600,3.8400
2016-11-07,3.9100,3.8900
2016-11-08,3.8600,3.9000
2016-11-09,3.8000,4.0600
2016-11-10,4.1100,4.1800
2016-11-11,4.0600,4.4600
2016-11-14,4.5200,4.5500
2016-11-15,4.4900,4.3400
2016-11-16,4.3200,4.3800
2016-11-17,4.3000,4.4100
2016-11-18,4.3500,4.3500
2016-11-21,4.3800,4.4700
2016-11-22,4.5300,4.5100
2016-11-23,4.5000,4.4800
2016-11-25,4.4299,4.4200
2016-11-28,4.3300,4.3300
2016-11-29,4.3800,4.3400
2016-11-30,4.3200,4.3700
2016-12-01,4.3800,4.3000
2016-12-02,4.3000,4.2700
2016-12-05,4.2800,4.3000
2016-12-06,4.3000,4.3000
2016-12-07,4.2600,4.2900
2016-12-08,4.2700,4.3200
2016-12-09,4.3000,4.2800
2016-12-12,4.3000,4.0900
2016-12-13,4.0600,4.0500
2016-12-14,4.0000,3.9900
2016-12-15,3.9600,4.0300
2016-12-16,4.0500,4.0400
2016-12-19,4.2300,4.0700
2016-12-20,4.0100,4.1500
2016-12-21,4.1000,4.1600
2016-12-22,4.1100,4.1000
2016-12-23,4.0600,4.3300
2016-12-27,4.2400,4.3100
2016-12-28,4.2600,4.3200
2016-12-29,4.3100,4.7600
2016-12-30,4.6900,4.3900
2017-01-03,4.4000,4.2000
2017-01-04,4.1900,4.2200
2017-01-05,4.2100,4.0000
2017-01-06,4.0800,3.9100
2017-01-09,3.8500,3.9000
2017-01-10,3.8300,3.9000
2017-01-11,3.8400,3.8800
2017-01-12,3.8200,3.8400
2017-01-13,3.7900,3.8300
2017-01-17,3.8300,3.8200
2017-01-18,3.7800,3.9300
2017-01-19,3.9300,3.9400
2017-01-20,3.9100,3.8800
2017-01-23,3.7700,3.8500
2017-01-24,3.8500,3.9800
2017-01-25,4.0400,3.9400
2017-01-26,3.9600,3.8400
2017-01-27,3.8600,3.9300
2017-01-30,3.9000,3.8600
2017-01-31,3.8600,3.9900
2017-02-01,3.9900,4.0300
2017-02-02,4.0600,4.0400
2017-02-03,4.0200,4.0300
2017-02-06,3.9900,4.1200
2017-02-07,4.0600,4.0700
2017-02-08,4.0100,4.0400
2017-02-09,4.0200,4.0700
2017-02-10,4.0300,4.1300
2017-02-13,4.0600,4.0100
2017-02-14,4.0000,3.9500
2017-02-15,3.8100,3.9000
2017-02-16,3.9100,3.8100
2017-02-17,3.8700,3.8200
2017-02-21,3.8500,3.8000
2017-02-22,3.8100,3.9500
2017-02-23,3.8600,3.9000
2017-02-24,3.9000,3.9200
2017-02-27,3.9400,3.9300
2017-02-28,3.9100,3.8300
2017-03-01,3.9100,3.9600
2017-03-02,3.9900,3.9500
2017-03-03,3.9200,3.9600
2017-03-06,3.9000,3.8000
2017-03-07,3.8000,3.7700
2017-03-08,3.7400,3.6500
2017-03-09,3.6900,3.7400
2017-03-10,3.7000,3.8200
2017-03-13,3.7900,3.7400
2017-03-14,3.7200,3.7700
2017-03-15,3.7200,3.7900
2017-03-16,3.7700,3.7700
2017-03-17,3.7100,3.7400
2017-03-20,3.7200,3.7300
2017-03-21,3.7700,3.6900
2017-03-22,3.6800,3.6100
2017-03-23,3.5800,3.5500
2017-03-24,3.5800,3.6300
2017-03-27,3.5700,3.6200
2017-03-28,3.5900,3.5800
2017-03-29,3.5800,3.7200
2017-03-30,3.7300,3.6700
2017-03-31,3.7800,3.7200
2017-04-03,3.7200,3.7100
2017-04-04,3.7200,3.6100
2017-04-05,3.6200,3.5700
2017-04-06,3.5500,3.6100
2017-04-07,3.5800,3.6300
2017-04-10,3.6400,3.5300
2017-04-11,3.5500,3.4800
2017-04-12,3.4500,3.4100
2017-04-13,3.3700,3.3500
2017-04-17,3.3800,3.3200
2017-04-18,3.2800,3.3300
2017-04-19,3.3500,3.3500
2017-04-20,3.3800,3.5500
2017-04-21,3.5500,3.4200
2017-04-24,3.5400,3.3300
2017-04-25,3.3800,3.2400
2017-04-26,3.2600,3.2200
2017-04-27,3.2500,3.2300
2017-04-28,3.2400,3.3500
2017-05-01,3.3500,3.2700
2017-05-02,3.3400,3.4100
2017-05-03,3.3800,3.3700
2017-05-04,3.4000,3.3600
2017-05-05,3.3500,3.3400
2017-05-08,3.3600,3.3000
2017-05-09,3.2700,3.2700
2017-05-10,3.2900,3.2300
2017-05-11,3.2100,3.2700
2017-05-12,3.2500,3.2500
2017-05-15,3.3200,3.2600
2017-05-16,3.2500,3.4000
2017-05-17,3.4000,3.3200
2017-05-18,3.3200,3.4300
2017-05-19,3.4100,3.4000
2017-05-22,3.3200,3.3500
2017-05-23,3.3100,3.3000
2017-05-24,3.2900,3.2600
2017-05-25,3.2500,3.2100
2017-05-26,3.2100,3.2100
2017-05-30,3.2100,3.2000
2017-05-31,3.2000,3.3800
2017-06-01,3.3700,3.4900
2017-06-02,3.5200,3.6000
2017-06-05,3.6300,3.3800
2017-06-06,3.3500,3.2500
2017-06-07,3.2400,3.1300
2017-06-08,3.0900,3.1800
2017-06-09,3.1300,3.2000
2017-06-12,3.2400,3.1800
2017-06-13,3.1700,3.2100
2017-06-14,3.2100,3.1800
2017-06-15,3.1900,3.1600
2017-06-16,3.1000,3.1500
2017-06-19,3.1900,3.2000
2017-06-20,3.2200,3.2800
2017-06-21,3.4100,3.4000
2017-06-22,3.3800,3.5000
2017-06-23,3.4900,3.5700
2017-06-26,3.6300,3.4900
2017-06-27,3.4600,3.1900
2017-06-28,3.2300,3.3700
2017-06-29,3.3700,3.2700
2017-06-30,3.3000,3.2000
2017-07-03,3.2600,3.1800
2017-07-05,3.1500,3.1200
2017-07-06,3.1200,3.0600
2017-07-07,3.0800,3.1200
2017-07-10,3.1700,3.0900
2017-07-11,3.1000,3.0600
2017-07-12,3.0600,3.0900
2017-07-13,3.0600,3.1000
2017-07-14,3.0900,3.1100
2017-07-17,3.1400,3.2200
2017-07-18,3.2200,3.3200
2017-07-19,3.3200,3.2800
2017-07-20,3.2500,3.2500
2017-07-21,3.2300,3.2300
2017-07-24,3.2300,3.2600
2017-07-25,3.2800,3.3400
2017-07-26,3.3200,3.3300
2017-07-27,3.3800,3.2400
2017-07-28,3.3000,3.1700
2017-07-31,3.1700,3.0700
2017-08-01,3.1800,3.1500
2017-08-02,3.1100,3.1300
2017-08-03,3.1600,3.2700
2017-08-04,3.3000,3.3300
2017-08-07,3.3500,3.2600
2017-08-08,3.2300,3.2600
2017-08-09,3.2700,3.3400
2017-08-10,3.3500,3.2400
2017-08-11,3.3000,3.3300
2017-08-14,3.3000,3.3900
2017-08-15,3.4400,3.2400
2017-08-16,3.3700,3.1300
2017-08-17,3.2000,3.1300
2017-08-18,3.1300,3.1200
2017-08-21,3.0700,3.0800
2017-08-22,3.1000,3.2000
2017-08-23,3.1100,3.0900
2017-08-24,3.0900,3.0200
2017-08-25,3.0300,3.0000
2017-08-28,3.0200,2.9900
2017-08-29,2.9800,2.9900
2017-08-30,3.0300,3.0400
2017-08-31,3.0000,3.0500
2017-09-01,3.0500,3.0300
2017-09-05,3.1000,2.9800
2017-09-06,2.9500,2.9800
2017-09-07,2.9800,2.9400
2017-09-08,2.9400,2.8400
2017-09-11,2.8500,3.1100
2017-09-12,3.1400,3.0200
2017-09-13,3.0400,3.0700
2017-09-14,3.1000,3.0500
2017-09-15,2.9800,2.9000
2017-09-18,3.0000,3.0400
2017-09-19,3.0400,3.0500
2017-09-20,3.1000,3.1400
2017-09-21,3.1400,3.2200
2017-09-22,3.3500,3.3000
2017-09-25,3.2900,3.4400
2017-09-26,3.5300,3.6800
2017-09-27,3.7400,3.7300
2017-09-28,3.6600,3.6600
2017-09-29,3.6500,3.4600
2017-10-02,3.3400,3.5100
2017-10-03,3.4500,3.4300
2017-10-04,3.4000,3.4500
2017-10-05,3.5000,3.4900
2017-10-06,3.4600,3.6400
2017-10-09,3.6500,3.6500
2017-10-10,3.6900,3.5200
2017-10-11,3.3800,3.5300
2017-10-12,3.5400,3.4100
2017-10-13,3.3600,3.4600
2017-10-16,3.4200,3.4100
2017-10-17,3.4000,3.4000
2017-10-18,3.4000,3.3300
2017-10-19,3.3000,3.4000
2017-10-20,3.3900,3.3600
2017-10-23,3.4000,3.4000
2017-10-24,3.3900,3.5800
2017-10-25,3.6800,3.6000
2017-10-26,3.6000,3.5600
2017-10-27,3.5800,3.5700
2017-10-30,3.5200,3.5800
2017-10-31,3.6000,3.6100
2017-11-01,3.6200,3.5300
2017-11-02,3.5000,3.5400
2017-11-03,3.5200,3.5400
2017-11-06,3.4900,3.5300
2017-11-07,3.5400,3.3700
2017-11-08,3.5100,3.4500
2017-11-09,3.4500,3.3700
2017-11-10,3.5300,3.4300
2017-11-13,3.4800,3.5300
2017-11-14,3.5400,3.4300
2017-11-15,3.4600,3.4600
2017-11-16,3.5000,3.5500
2017-11-17,3.6000,3.5200
2017-11-20,3.6300,3.6100
2017-11-21,3.6300,3.6100
2017-11-22,3.6300,3.6400
2017-11-24,3.5800,3.6200
2017-11-27,3.6200,3.6395
2017-11-28,3.6800,3.6100
2017-11-29,3.6300,3.6400
2017-11-30,3.6500,3.6600
2017-12-01,3.6400,3.6700
2017-12-04,3.6800,3.6300
2017-12-05,3.6200,3.6500
2017-12-06,3.6399,3.5500
2017-12-07,3.5900,3.5600
2017-12-08,3.5089,3.4000
2017-12-11,3.4000,3.3600
2017-12-12,3.3600,3.2600
2017-12-13,3.3200,3.2700
2017-12-14,3.3000,3.2100
2017-12-15,3.2260,3.2700
2017-12-18,3.2600,3.2000
2017-12-19,3.3076,3.3000
2017-12-20,3.3900,3.3000
2017-12-21,3.3736,3.2001
2017-12-22,3.1500,3.1600
2017-12-26,3.1500,3.0400
2017-12-27,3.1200,3.1900
2017-12-28,3.1800,3.1000
2017-12-29,3.1100,3.1500
2018-01-02,3.1228,3.2000
2018-01-03,3.2000,3.2000
2018-01-04,3.2400,3.1500
2018-01-05,3.1800,3.2000
2018-01-08,3.2500,3.5500
2018-01-09,3.4600,3.4600
2018-01-10,3.4700,3.4700
2018-01-11,3.5100,3.5500
2018-01-12,3.5900,3.5900
2018-01-16,3.6700,3.5700
2018-01-17,3.6000,3.5800
2018-01-18,3.5600,3.5200
2018-01-19,3.5200,3.4300
2018-01-22,3.4810,3.4200
2018-01-23,3.4200,3.4300
2018-01-24,3.4300,3.4100
2018-01-25,3.4000,3.4000
2018-01-26,3.4300,3.3900
2018-01-29,3.3500,3.2900
2018-01-30,3.2900,3.2800
2018-01-31,3.2800,3.1600
2018-02-01,3.1800,3.0900
2018-02-02,3.1000,3.0800
2018-02-05,3.0900,3.0800
2018-02-06,3.1000,3.0400
2018-02-07,3.0600,3.0500
2018-02-08,3.1000,2.9800
2018-02-09,3.0099,3.0000
2018-02-12,2.9400,2.9900
2018-02-13,3.0500,3.0600
2018-02-14,3.0500,3.0000
2018-02-15,3.0200,2.4100
2018-02-16,2.4500,2.3050
2018-02-20,2.3800,2.3200
2018-02-21,2.4000,2.5300
2018-02-22,2.5300,2.4100
2018-02-23,2.4200,2.3900
2018-02-26,2.4000,2.2900
2018-02-27,2.2800,2.3000
2018-02-28,2.2889,2.3200
2018-03-01,2.3200,2.3400
2018-03-02,2.3300,2.3300
2018-03-05,2.3200,2.2900
2018-03-06,2.3000,2.3000
2018-03-07,2.2900,2.3500
2018-03-08,2.3400,2.3000
2018-03-09,2.3100,2.2700
2018-03-12,2.2700,2.1400
2018-03-13,2.1500,2.0900
2018-03-14,2.1000,1.9300
2018-03-15,1.9400,2.1000
2018-03-16,2.0800,2.2300
2018-03-19,2.2800,2.2200
2018-03-20,2.2600,2.1100
2018-03-21,2.0900,2.1221
2018-03-22,2.1300,2.0650
2018-03-23,2.1100,2.1200
2018-03-26,2.1400,2.1100
2018-03-27,2.1199,2.0800
2018-03-28,2.1100,2.0842
2018-03-29,2.1200,2.1000
2018-04-02,2.1200,2.1314
2018-04-03,2.1600,2.1400
2018-04-04,2.1200,2.1607
2018-04-05,2.1600,2.1300
2018-04-06,2.1400,2.1400
2018-04-09,2.1300,2.1300
2018-04-10,2.1400,2.1300
2018-04-11,2.1300,2.1200
2018-04-12,2.1100,2.1400
2018-04-13,2.1200,2.1600
2018-04-16,2.1400,2.1900
2018-04-17,2.2000,2.2200
2018-04-18,2.2000,2.2500
2018-04-19,2.2100,2.2508
2018-04-20,2.2200,2.2500
2018-04-23,2.2600,2.2200
2018-04-24,2.2200,2.1900
2018-04-25,2.2000,2.1600
2018-04-26,2.1500,2.1200
2018-04-27,2.1200,2.0600
2018-04-30,2.0700,2.0500
2018-05-01,2.0539,2.0800
2018-05-02,2.0705,2.1000
2018-05-03,2.0600,2.0700
2018-05-04,2.0800,2.0900
2018-05-07,2.1000,2.2100
2018-05-08,2.2000,2.1500
2018-05-09,2.1400,2.0900
2018-05-10,2.0990,2.0900
2018-05-11,2.0687,2.0600
2018-05-14,2.0700,2.1700
2018-05-15,2.1000,1.8200
2018-05-16,1.8100,1.9100
2018-05-17,1.9300,1.9600
2018-05-18,1.9500,1.9900
2018-05-21,2.0000,1.8400
2018-05-22,1.8500,1.8200
2018-05-23,1.8200,1.8200
2018-05-24,1.8300,1.7848
2018-05-25,1.8500,1.7300
2018-05-29,1.7500,1.6900
2018-05-30,1.6700,1.6300
2018-05-31,1.6400,1.6300
2018-06-01,1.6400,1.5800
2018-06-04,1.5700,1.5900
2018-06-05,1.5900,1.6400
2018-06-06,1.6400,1.6000
2018-06-07,1.6000,1.5716
2018-06-08,1.5500,1.5600
2018-06-11,1.5600,1.5400
2018-06-12,1.5300,1.5100
2018-06-13,1.5300,1.5900
2018-06-14,1.6100,1.6000
2018-06-15,1.5701,1.6000
2018-06-18,1.6000,1.6600
2018-06-19,1.6700,1.8700
2018-06-20,1.8500,1.8600
2018-06-21,1.8700,1.9100
2018-06-22,1.9300,1.9400
2018-06-25,1.9400,1.8300
2018-06-26,1.8300,1.8701
2018-06-27,1.8800,1.8500
2018-06-28,1.8779,1.9100
2018-06-29,1.8622,1.9000
2018-07-02,1.8900,1.9100
2018-07-03,1.9100,1.9000
2018-07-05,1.9000,1.9110
2018-07-06,1.9100,1.9400
2018-07-09,1.9500,1.9000
2018-07-10,1.9100,1.9500
2018-07-11,1.9086,1.9000
2018-07-12,1.9400,1.9800
2018-07-13,1.9800,1.9450
2018-07-16,1.9100,2.0200
2018-07-17,2.0300,2.0100
2018-07-18,2.0312,2.0400
2018-07-19,2.0300,2.0700
2018-07-20,2.1500,2.1600
2018-07-23,2.1600,2.1500
2018-07-24,2.2000,2.1000
2018-07-25,2.0850,2.1200
2018-07-26,2.1000,2.1200
2018-07-27,2.1200,2.0900
2018-07-30,2.1200,2.1527
2018-07-31,2.1500,2.0700
2018-08-01,2.1400,1.9678
2018-08-02,1.9035,2.0000
2018-08-03,2.0035,2.0000
2018-08-06,1.9900,2.0000
2018-08-07,2.0735,2.0000
2018-08-08,2.0100,2.0600
2018-08-09,2.0000,2.1027
2018-08-10,2.1100,2.1000
2018-08-13,2.0500,2.0100
2018-08-14,2.0000,2.0000
2018-08-15,2.0000,2.1600
2018-08-16,2.2000,2.1050
2018-08-17,2.0141,2.0600
2018-08-20,2.0600,2.1000
2018-08-21,2.0745,2.0700
2018-08-22,2.0848,2.0800
2018-08-23,2.0900,2.0700
2018-08-24,2.0500,2.0400
2018-08-27,2.0248,1.9600
2018-08-28,1.9500,1.9600
2018-08-29,1.9300,1.9600
2018-08-30,1.9600,1.9500
2018-08-31,1.9599,1.9400
2018-09-04,1.9500,1.9100
2018-09-05,1.9100,1.9100
2018-09-06,1.9200,1.8600
2018-09-07,1.8990,1.8100
2018-09-10,1.8200,1.7611
2018-09-11,1.7800,1.8100
2018-09-12,1.8100,1.7700
2018-09-13,1.7900,1.8250
2018-09-14,1.8300,1.7800
2018-09-17,1.7800,1.7600
2018-09-18,1.7700,1.8000
2018-09-19,1.8400,1.7500
2018-09-20,1.7500,1.7700
2018-09-21,1.7310,1.7800
2018-09-24,1.7600,1.7500
2018-09-25,1.7500,1.7700
2018-09-26,1.7500,1.7600
2018-09-27,1.7750,1.7200
2018-09-28,1.7600,1.7100
2018-10-01,1.7300,1.7200
2018-10-02,1.7200,1.7200
2018-10-03,1.7100,1.6700
2018-10-04,1.6765,1.6500
2018-10-05,1.6500,1.6500
2018-10-08,1.6500,1.6300
2018-10-09,1.6900,1.6300
2018-10-10,1.6383,1.5900
2018-10-11,1.5900,1.5900
2018-10-12,1.6000,1.6000
2018-10-15,1.6010,1.5900
2018-10-16,1.5900,1.5700
2018-10-17,1.5700,1.5700
2018-10-18,1.6421,1.5800
2018-10-19,1.6100,1.6000
2018-10-22,1.5596,1.5100
2018-10-23,1.5000,1.5200
2018-10-24,1.5840,1.5500
2018-10-25,1.5500,1.5500
2018-10-26,1.5400,1.5400
2018-10-29,1.5000,1.5200
2018-10-30,1.5400,1.5110
2018-10-31,1.5580,1.6300
2018-11-01,1.6500,1.6701
2018-11-02,1.6900,1.7500
2018-11-05,1.7500,1.7100
2018-11-06,1.8499,1.7601
2018-11-07,1.8499,1.8200
2018-11-08,1.8500,1.7500
2018-11-09,1.7701,1.6751
2018-11-12,1.7352,1.6100
2018-11-13,1.6100,1.6100
2018-11-14,1.6100,1.5400
2018-11-15,1.5196,1.5800
2018-11-16,1.7400,1.5500
2018-11-19,1.5500,1.5500
2018-11-20,1.6300,1.5600
2018-11-21,1.6156,1.6000
2018-11-23,1.6000,1.6000
2018-11-26,1.6500,1.6400
2018-11-27,1.6900,1.5900
2018-11-28,1.6000,1.6500
2018-11-29,1.6400,1.8000
2018-11-30,1.8000,1.7000
2018-12-03,1.7500,1.7700
2018-12-04,1.8512,1.6200
2018-12-06,1.6200,1.5600
2018-12-07,1.5400,1.6000
2018-12-10,1.6200,1.6021
2018-12-11,1.6000,1.6200
2018-12-12,1.5900,1.5700
2018-12-13,1.5700,1.5700
2018-12-14,1.5538,1.5600
2018-12-17,1.5400,1.5100
2018-12-18,1.5500,1.5500
2018-12-19,1.5100,1.5100
2018-12-20,1.5100,1.4700
2018-12-21,1.4832,1.4500
2018-12-24,1.4200,1.4200
2018-12-26,1.4300,1.3400
2018-12-27,1.3300,1.3200
2018-12-28,1.3200,1.3300
2018-12-31,1.3300,1.3100
2019-01-02,1.3000,1.3800
2019-01-03,1.3400,1.3300
2019-01-04,1.3300,1.3500
2019-01-07,1.3200,1.4100
2019-01-08,1.4100,1.4500
2019-01-09,1.4000,1.4200
2019-01-10,1.4200,1.3700
2019-01-11,1.3700,1.3509
2019-01-14,1.3100,1.3100
2019-01-15,1.3266,1.4000
2019-01-16,1.5900,1.4300
2019-01-17,1.4800,1.3800
2019-01-18,1.4500,1.3930
2019-01-22,1.3900,1.3800
2019-01-23,1.4332,1.3400
2019-01-24,1.3326,1.4000
2019-01-25,1.4100,1.4100
2019-01-28,1.4100,1.4100
2019-01-29,1.3328,1.3328
2019-01-30,1.3300,1.3400
2019-01-31,1.3186,1.3300
2019-02-01,1.3400,1.3400
2019-02-04,1.3400,1.3400
2019-02-05,1.3521,1.3500
2019-02-06,1.3565,1.3800
2019-02-07,1.3900,1.4000
2019-02-08,1.3700,1.3700
2019-02-11,1.4000,1.4600
2019-02-12,1.4800,1.6100
2019-02-13,1.6600,1.6300
2019-02-14,1.6700,1.6100
2019-02-15,1.6800,1.8600
2019-02-19,1.8600,1.8700
2019-02-20,1.8500,1.7900
2019-02-21,1.8000,1.8500
2019-02-22,1.8118,1.8400
2019-02-25,1.8300,1.9500
2019-02-26,1.9500,1.9900
2019-02-27,1.9648,1.9300
2019-02-28,1.9742,1.9703
2019-03-01,1.9900,1.9400
2019-03-04,1.9400,1.9100
2019-03-05,1.8100,1.8200
2019-03-06,1.8112,1.7900
2019-03-07,1.7808,1.7800
2019-03-08,1.7800,1.7600
2019-03-11,1.7800,1.7700
2019-03-12,1.7612,1.7700
2019-03-13,1.7524,1.6900
2019-03-14,1.7466,1.7300
2019-03-15,1.7400,1.7300
2019-03-18,1.7300,1.6700
2019-03-19,1.6800,1.6800
2019-03-20,1.6620,1.6878
2019-03-21,1.6817,1.6500
2019-03-22,1.6527,1.7000
2019-03-25,1.6500,1.6500
2019-03-26,1.6500,1.6800
2019-03-27,1.6529,1.6750
2019-03-28,1.6900,1.6252
2019-03-29,1.6590,1.6000
2019-04-01,1.6000,1.6000
2019-04-02,1.6000,1.5700
2019-04-03,1.5809,1.5500
2019-04-04,1.5500,1.5500
2019-04-05,1.5954,1.6100
2019-04-08,1.5600,1.6100
2019-04-09,1.5900,1.5500
2019-04-10,1.5500,1.5700
2019-04-11,1.6000,1.5505
2019-04-12,1.6000,1.6000
2019-04-15,1.5800,1.5500
2019-04-16,1.5900,1.5700
2019-04-17,1.5500,1.5300
2019-04-18,1.5000,1.5000
2019-04-22,1.5300,1.4800
2019-04-23,1.5100,1.5000
2019-04-24,1.4700,1.6000
2019-04-25,1.6200,1.6000
2019-04-26,1.5200,1.6100
2019-04-29,1.6100,1.7700
2019-04-30,1.7700,1.7300
2019-05-01,1.7300,1.6600
2019-05-02,1.6998,1.6600
2019-05-03,1.6900,1.6900
2019-05-06,1.6800,1.6600
2019-05-07,1.6500,1.6500
2019-05-08,1.7000,1.6700
2019-05-09,1.6700,1.7200
2019-05-10,1.6701,1.6701
2019-05-13,1.6500,1.5500
2019-05-14,1.6000,1.6600
2019-05-15,1.6000,1.7000
2019-05-16,1.6700,1.6600
2019-05-17,1.6598,1.5800
2019-05-20,1.5800,1.5800
2019-05-21,1.5800,1.5800
2019-05-22,1.5700,1.5641
2019-05-23,1.5500,1.5400
2019-05-24,1.5500,1.5300
2019-05-28,1.5100,1.5332
2019-05-29,1.5100,1.5099
2019-05-30,1.4600,1.4400
2019-05-31,1.4400,1.4000
2019-06-03,1.3800,1.2800
2019-06-04,1.3500,1.3300
2019-06-05,1.3200,1.3500
2019-06-06,1.4193,1.4700
2019-06-07,1.5100,1.5100
2019-06-10,1.5100,1.5100
2019-06-11,1.5500,1.4696
2019-06-12,1.4500,1.4000
2019-06-13,1.3600,1.3700
2019-06-14,1.3500,1.3700
2019-06-17,1.4000,1.4500
2019-06-18,1.4500,1.4500
2019-06-19,1.4100,1.4101
2019-06-20,1.4700,1.5700
2019-06-21,1.4900,1.5200
2019-06-24,1.6300,1.5225
2019-06-25,1.4100,1.5600
2019-06-26,1.5000,1.5251
2019-06-27,1.5000,1.4532
2019-06-28,1.4281,1.5500
2019-07-01,1.4990,1.4500
2019-07-02,1.4632,1.5300
2019-07-03,1.5000,1.4900
2019-07-05,1.5000,1.5600
2019-07-08,1.6000,1.5800
2019-07-09,1.5700,1.6900
2019-07-10,1.6900,1.7500
2019-07-11,1.7400,1.7000
2019-07-12,1.7400,1.6700
2019-07-15,1.6527,1.6527
2019-07-16,1.6500,1.6500
2019-07-17,1.6527,1.6900
2019-07-18,1.7200,1.6200
2019-07-19,1.6100,1.6000
2019-07-22,1.6000,1.6100
2019-07-23,1.6400,1.5700
2019-07-24,1.6000,1.7200
2019-07-25,1.7000,1.6400
2019-07-26,1.6400,1.7500
2019-07-29,1.7300,1.6600
2019-07-30,1.7750,1.7500
2019-07-31,1.8000,1.7700
2019-08-01,1.6200,1.6800
2019-08-02,1.6500,1.6500
2019-08-05,1.5800,1.5999
2019-08-06,1.6900,1.5800
2019-08-07,1.5300,1.6800
2019-08-08,1.6600,1.5200
2019-08-09,1.6400,1.5400
2019-08-12,1.4800,1.5100
2019-08-13,1.3900,1.6200
2019-08-14,1.6000,1.5597
2019-08-15,1.5500,1.5500
2019-08-19,1.5500,1.6237
2019-08-20,1.6200,1.6300
2019-08-21,1.6100,1.6400
2019-08-22,1.6200,1.5600
2019-08-23,1.5600,1.5700
2019-08-26,1.5900,1.5700
2019-08-27,1.5600,1.5425
2019-08-28,1.5400,1.5900
2019-08-29,1.6000,1.5700
2019-08-30,1.6100,1.6000
2019-09-03,1.6100,1.6100
2019-09-04,1.6100,1.5400
2019-09-05,1.5400,1.5000
2019-09-06,1.5750,1.5200
2019-09-09,1.5100,1.5500
2019-09-10,1.4900,1.5300
2019-09-11,1.5300,1.5100
2019-09-12,1.5000,1.4900
2019-09-13,1.4900,1.4900
2019-09-16,1.4975,1.4900
2019-09-17,1.4800,1.5200
2019-09-18,1.4950,1.4700
2019-09-19,1.4473,1.4400
2019-09-20,1.4899,1.5200
2019-09-23,1.4304,1.4300
2019-09-24,1.3900,1.4400
2019-09-25,1.4000,1.4500
2019-09-26,1.4500,1.4257
2019-09-27,1.4400,1.3800
2019-09-30,1.3896,1.3900
2019-10-01,1.3800,1.3000
2019-10-02,1.3041,1.2800
2019-10-03,1.2700,1.3450
2019-10-04,1.3000,1.3800
2019-10-07,1.3769,1.4000
2019-10-08,1.3700,1.4200
2019-10-09,1.3300,1.3400
2019-10-10,1.3202,1.2900
2019-10-11,1.3000,1.2100
2019-10-14,1.2400,1.1926
2019-10-15,1.2300,1.2800
2019-10-16,1.2800,1.2400
2019-10-17,1.2100,1.2100
2019-10-18,1.2400,1.2400
2019-10-21,1.2400,1.2700
2019-10-22,1.2412,1.2200
2019-10-23,1.2400,1.2100
2019-10-24,1.0500,1.1700
2019-10-25,1.1400,1.2000
2019-10-28,1.2100,1.1100
2019-10-29,1.1500,1.1500
2019-10-30,1.1500,1.1500
2019-10-31,1.1100,1.1700
2019-11-01,1.1900,1.1800
2019-11-04,1.1600,1.1400
2019-11-05,1.1690,1.1400
2019-11-06,1.1500,1.1642
2019-11-07,1.1600,1.1200
2019-11-08,1.1400,1.1200
2019-11-11,1.1400,1.1300
2019-11-12,1.1300,1.1350
2019-11-13,1.1400,1.1299
2019-11-14,1.1300,1.1400
2019-11-15,1.1400,1.1200
2019-11-18,1.1000,1.1399
2019-11-19,1.1400,1.1200
2019-11-20,1.1200,1.0900
2019-11-21,1.1100,1.1108
2019-11-22,1.1100,1.1100
2019-11-25,1.1000,1.2400
2019-11-26,1.2500,1.3300
2019-11-27,1.3400,1.3500
2019-11-29,1.2800,1.2800
2019-12-02,1.2800,1.3300
2019-12-03,1.3700,1.2900
2019-12-04,1.3400,1.3400
2019-12-05,1.3400,1.3400
2019-12-06,1.2000,1.2400
2019-12-09,1.2750,1.2200
2019-12-10,1.2200,1.2050
2019-12-11,1.1700,1.2000
2019-12-12,1.2300,1.2400
2019-12-13,1.2500,1.3000
2019-12-16,1.2500,1.2500
2019-12-17,1.2803,1.2217
2019-12-18,1.2000,1.2000
2019-12-19,1.1800,1.1520
2019-12-20,1.1000,1.2900
2019-12-23,1.1700,1.2001
2019-12-24,1.2500,1.1800
2019-12-26,1.1400,1.0600
2019-12-27,1.0700,1.0800
2019-12-30,1.1000,1.0500
2019-12-31,1.0500,1.1500
2020-01-02,1.1700,1.3219
2020-01-03,1.3200,1.3200
2020-01-06,1.1600,1.3079
2020-01-07,1.2200,1.3000
2020-01-08,1.2550,1.2991
2020-01-09,1.2000,1.2700
2020-01-10,1.3350,1.3195
2020-01-13,1.2000,1.2000
2020-01-14,1.1700,1.1200
2020-01-15,1.1200,1.2700
2020-01-16,1.2600,1.1200
2020-01-17,1.1700,1.1550
2020-01-21,1.1300,1.1066
2020-01-22,1.1300,1.0900
2020-01-23,1.0816,1.1300
2020-01-24,1.1200,1.3400
2020-01-27,1.3600,1.3000
2020-01-28,1.2400,1.1800
2020-01-29,1.2215,1.2300
2020-01-30,1.2102,1.1800
2020-01-31,1.2300,1.1800
2020-02-03,1.1300,1.2000
2020-02-04,1.1500,1.1600
2020-02-05,1.1800,1.1926
2020-02-06,1.1900,1.1950
2020-02-07,1.1500,1.1800
2020-02-10,1.1708,1.1500
2020-02-11,1.1438,1.2000
