date,open,close
2013-09-19,18.5000,19.9900
2013-09-20,20.4500,20.9900
2013-09-23,21.2500,20.0300
2013-09-24,20.1500,21.7000
2013-09-25,22.4900,22.5700
2013-09-26,23.2900,22.1400
2013-09-27,21.8400,22.9200
2013-09-30,22.8000,22.2300
2013-10-01,22.2300,22.5000
2013-10-02,22.5500,23.4900
2013-10-03,24.0000,25.7900
2013-10-04,25.7900,25.8900
2013-10-07,25.7500,25.9000
2013-10-08,25.7100,23.2000
2013-10-09,23.1100,19.9800
2013-10-10,20.9000,20.6300
2013-10-11,20.5000,22.1200
2013-10-14,22.4800,21.2800
2013-10-15,21.2800,22.1300
2013-10-16,22.2000,22.6200
2013-10-17,22.6000,22.0500
2013-10-18,21.4000,22.8000
2013-10-21,22.8200,22.3700
2013-10-22,22.3700,22.7500
2013-10-23,22.7600,23.0600
2013-10-24,23.3400,23.2500
2013-10-25,22.9400,22.8500
2013-10-28,23.2000,23.7600
2013-10-29,23.5800,22.7400
2013-10-30,22.9700,22.8500
2013-10-31,22.9401,22.5400
2013-11-01,22.5200,21.2400
2013-11-04,21.1000,20.2800
2013-11-05,20.3300,21.4600
2013-11-06,21.6300,19.5300
2013-11-07,20.3100,17.4000
2013-11-08,17.4200,18.5000
2013-11-11,18.5500,19.0300
2013-11-12,19.1300,19.0100
2013-11-13,18.9400,19.4580
2013-11-14,19.5900,19.2900
2013-11-15,19.7400,19.7100
2013-11-18,19.7000,19.4700
2013-11-19,19.5100,19.7700
2013-11-20,19.7900,19.7600
2013-11-21,20.0200,20.5200
2013-11-22,21.0200,21.0700
2013-11-25,20.8700,21.2400
2013-11-26,21.4900,21.4500
2013-11-27,21.5500,21.6800
2013-11-29,21.8100,21.7700
2013-12-02,21.7600,22.0900
2013-12-03,22.4100,23.2800
2013-12-04,23.2700,24.0800
2013-12-05,24.0300,24.1100
2013-12-06,24.1100,25.9900
2013-12-09,26.2300,27.2400
2013-12-10,27.4700,29.9200
2013-12-11,30.6100,28.0700
2013-12-12,27.0000,29.2200
2013-12-13,28.9000,29.1900
2013-12-16,28.9800,28.7200
2013-12-17,28.9200,27.6200
2013-12-18,27.8600,27.2100
2013-12-19,26.8700,28.7400
2013-12-20,29.0000,30.0000
2013-12-23,29.7300,32.9700
2013-12-24,32.9700,32.7500
2013-12-26,32.8500,35.1400
2013-12-27,35.8100,35.2500
2013-12-30,35.5800,35.2600
2013-12-31,35.1500,39.6000
2014-01-02,39.9200,38.1100
2014-01-03,38.2000,39.0100
2014-01-06,39.3800,40.9400
2014-01-07,41.8100,41.6700
2014-01-08,41.4600,41.2600
2014-01-09,42.0600,48.9900
2014-01-10,48.7600,47.1500
2014-01-13,45.6400,46.3100
2014-01-14,46.3100,48.5200
2014-01-15,49.3100,48.7300
2014-01-16,48.4900,47.4200
2014-01-17,47.1000,49.1400
2014-01-21,47.0000,51.6600
2014-01-22,51.5400,56.7000
2014-01-23,53.2500,51.0100
2014-01-24,50.7800,49.0300
2014-01-27,49.0000,46.0800
2014-01-28,46.0000,47.3900
2014-01-29,48.4000,49.6400
2014-01-30,51.9100,49.6500
2014-01-31,48.6600,46.3500
2014-02-03,46.1000,44.6300
2014-02-04,45.0100,44.4800
2014-02-05,44.0300,44.5400
2014-02-06,44.9700,44.5000
2014-02-07,45.4100,43.4700
2014-02-10,43.9400,45.2400
2014-02-11,45.5000,44.4400
2014-02-12,44.3400,43.7900
2014-02-13,43.1300,43.9900
2014-02-14,43.3700,41.7500
2014-02-18,42.1600,45.6100
2014-02-19,45.3300,44.3600
2014-02-20,44.1700,46.0800
2014-02-21,46.3200,47.4900
2014-02-24,47.7900,45.2800
2014-02-25,46.5000,46.8700
2014-02-26,46.0000,46.9000
2014-02-27,46.5200,47.0300
2014-02-28,46.8400,46.9300
2014-03-03,46.2900,48.5200
2014-03-04,49.1000,50.5200
2014-03-05,50.4800,52.2700
2014-03-06,52.3500,51.7500
2014-03-07,52.4300,51.4300
2014-03-10,51.4500,50.1400
2014-03-11,51.1000,47.9800
2014-03-12,47.5100,48.1300
2014-03-13,48.4200,45.6400
2014-03-14,45.3000,45.2500
2014-03-17,45.5600,42.5000
2014-03-18,42.6000,40.0800
2014-03-19,40.2300,39.8000
2014-03-20,39.5500,38.9200
2014-03-21,38.9800,39.0100
2014-03-24,39.0500,38.5500
2014-03-25,38.7800,38.2000
2014-03-26,38.6400,36.7500
2014-03-27,36.8300,36.3100
2014-03-28,36.2500,34.2800
2014-03-31,34.6900,34.5000
2014-04-01,34.7400,33.8700
2014-04-02,38.0000,38.3300
2014-04-03,38.0000,37.1600
2014-04-04,37.4100,35.9600
2014-04-07,35.6200,36.3700
2014-04-08,36.4600,36.0100
2014-04-09,36.3000,37.8300
2014-04-10,38.4400,36.7100
2014-04-11,36.2400,36.5400
2014-04-14,36.8400,37.1600
2014-04-15,37.2200,34.5000
2014-04-16,34.7200,37.8000
2014-04-17,38.0200,38.4100
2014-04-21,38.0800,36.3700
2014-04-22,35.7500,35.0100
2014-04-23,35.0000,33.4200
2014-04-24,33.6300,31.8500
2014-04-25,32.3800,32.5000
2014-04-28,32.7400,32.4200
2014-04-29,32.5000,33.7000
2014-04-30,33.4600,34.3500
2014-05-01,34.0300,34.1600
2014-05-02,34.1300,33.7000
2014-05-05,33.2500,33.3700
2014-05-06,33.2800,31.1700
2014-05-07,31.7200,32.6900
2014-05-08,32.0100,32.1000
2014-05-09,31.9300,31.8700
2014-05-12,31.7800,32.6500
2014-05-13,32.7200,32.7400
2014-05-14,32.7300,31.7500
2014-05-15,32.3200,31.5600
2014-05-16,31.7700,31.9800
2014-05-19,31.6800,31.5200
2014-05-20,31.5100,31.7600
2014-05-21,31.7800,29.4300
2014-05-22,29.6100,31.2300
2014-05-23,30.6400,30.6600
2014-05-27,30.7600,31.0000
2014-05-28,31.0000,30.9400
2014-05-29,31.2000,30.2100
2014-05-30,30.3400,29.6800
2014-06-02,29.6100,30.0000
2014-06-03,29.4900,30.0000
2014-06-04,29.8300,29.9400
2014-06-05,30.1200,30.2300
2014-06-06,30.4000,30.7200
2014-06-09,30.6700,32.2000
2014-06-10,32.1700,33.7000
2014-06-11,33.4500,32.6500
2014-06-12,32.4300,34.2400
2014-06-13,34.1600,33.8800
2014-06-16,34.0800,32.8800
2014-06-17,32.7400,34.1000
2014-06-18,34.1300,34.5800
2014-06-19,34.8600,34.3400
2014-06-20,34.5200,34.7700
2014-06-23,34.7000,34.6100
2014-06-24,34.4700,33.5000
2014-06-25,33.3500,34.6700
2014-06-26,34.7900,34.7800
2014-06-27,34.5900,34.4700
2014-06-30,34.2200,33.9700
2014-07-01,34.0500,34.0500
2014-07-02,33.9300,34.0000
2014-07-03,34.0000,33.2800
2014-07-07,33.2600,31.3400
2014-07-08,31.3000,29.0400
2014-07-09,29.0400,30.2100
2014-07-10,29.4000,30.4000
2014-07-11,30.2700,30.3000
2014-07-14,30.5400,28.3700
2014-07-15,28.4400,27.3600
2014-07-16,27.4400,27.7800
2014-07-17,27.5900,25.5400
2014-07-18,25.5000,26.7500
2014-07-21,26.4800,27.0700
2014-07-22,27.1300,26.7300
2014-07-23,26.8300,27.8600
2014-07-24,27.8000,27.9000
2014-07-25,27.6100,28.1300
2014-07-28,28.1600,28.7500
2014-07-29,28.6300,28.9100
2014-07-30,29.1100,30.6600
2014-07-31,30.2200,29.6200
2014-08-01,29.6200,29.3700
2014-08-04,29.5500,29.8700
2014-08-05,29.6300,29.6900
2014-08-06,29.3800,29.4800
2014-08-07,29.5600,28.9000
2014-08-08,28.9600,29.9200
2014-08-11,29.9500,29.9100
2014-08-12,29.2900,28.4300
2014-08-13,28.6300,29.3700
2014-08-14,30.0000,29.9600
2014-08-15,30.1400,29.8100
2014-08-18,30.0000,29.4800
2014-08-19,29.3900,28.6200
2014-08-20,28.5800,27.7100
2014-08-21,27.7400,26.1600
2014-08-22,26.0400,27.5000
2014-08-25,28.0000,28.7200
2014-08-26,28.8900,28.5500
2014-08-27,28.4900,28.2000
2014-08-28,28.0000,27.4500
2014-08-29,27.5400,26.8700
2014-09-02,27.0900,26.3900
2014-09-03,26.5800,25.7000
2014-09-04,25.8300,26.0000
2014-09-05,25.8700,25.1700
2014-09-08,25.0800,25.0400
2014-09-09,24.9300,24.6300
2014-09-10,24.6300,25.6700
2014-09-11,25.5000,26.0400
2014-09-12,26.1000,25.7600
2014-09-15,25.7100,25.6200
2014-09-16,25.4900,25.2000
2014-09-17,25.0500,25.6200
2014-09-18,25.6500,24.7100
2014-09-19,24.8300,24.2100
2014-09-22,24.1900,24.9200
2014-09-23,24.5000,28.1200
2014-09-24,28.0300,28.6800
2014-09-25,28.5300,28.6700
2014-09-26,28.7000,28.7400
2014-09-29,28.3200,29.7400
2014-09-30,29.5200,30.2400
2014-10-01,30.3300,29.5900
2014-10-02,29.8200,30.4700
2014-10-03,30.9300,31.0800
2014-10-06,31.1500,29.4000
2014-10-07,29.3000,29.2600
2014-10-08,29.1700,30.2700
2014-10-09,30.1900,29.0000
2014-10-10,29.0000,29.5500
2014-10-13,29.6300,29.5700
2014-10-14,29.8700,29.0900
2014-10-15,28.8000,29.1400
2014-10-16,28.5800,29.0500
2014-10-17,29.5300,28.9900
2014-10-20,28.8300,29.1600
2014-10-21,29.4900,29.1300
2014-10-22,29.1000,29.0400
2014-10-23,29.8200,32.0300
2014-10-24,32.1700,34.2400
2014-10-27,33.8600,34.8000
2014-10-28,34.9800,35.8300
2014-10-29,35.9100,34.7400
2014-10-30,34.7100,38.2400
2014-10-31,39.1100,36.9800
2014-11-03,36.9700,34.1500
2014-11-04,34.1000,34.5400
2014-11-05,34.4300,33.2200
2014-11-06,33.1200,34.1400
2014-11-07,34.3800,30.1900
2014-11-10,30.0300,32.2600
2014-11-11,32.0900,33.7200
2014-11-12,33.3500,33.7900
2014-11-13,33.7000,35.3100
2014-11-14,35.2500,33.5000
2014-11-17,32.5100,33.2000
2014-11-18,33.2900,33.3300
2014-11-19,33.3300,32.1700
2014-11-20,32.0100,34.2800
2014-11-21,34.8300,34.8300
2014-11-24,34.8100,36.2500
2014-11-25,36.5300,35.9500
2014-11-26,35.8500,38.4000
2014-11-28,38.2000,38.7400
2014-12-01,38.4800,34.9600
2014-12-02,35.1600,35.5700
2014-12-03,35.5400,35.7500
2014-12-04,35.5600,37.0100
2014-12-05,37.1900,37.5600
2014-12-08,38.2300,42.6700
2014-12-09,40.7400,43.3400
2014-12-10,44.8900,43.4600
2014-12-11,41.2000,41.4800
2014-12-12,40.9100,41.7700
2014-12-15,42.3800,38.0000
2014-12-16,38.0000,37.6300
2014-12-17,37.7800,39.7300
2014-12-18,40.3500,40.4800
2014-12-19,40.4200,39.0500
2014-12-22,38.5600,38.5000
2014-12-23,38.5500,38.0000
2014-12-24,37.9100,38.8000
2014-12-26,39.1700,40.5000
2014-12-29,40.4000,39.0000
2014-12-30,38.6300,37.6600
2014-12-31,37.8400,38.9600
2015-01-02,39.0900,38.2600
2015-01-05,37.8900,38.5700
2015-01-06,38.6500,38.0300
2015-01-07,38.3700,39.7900
2015-01-08,40.0000,41.2000
2015-01-09,42.0000,41.1400
2015-01-12,41.4900,40.8900
2015-01-13,41.4100,40.4100
2015-01-14,39.6700,40.7600
2015-01-15,40.7300,40.9500
2015-01-16,40.7900,41.7200
2015-01-20,41.8200,41.6900
2015-01-21,41.4200,39.0400
2015-01-22,39.1400,38.8100
2015-01-23,38.8800,39.2400
2015-01-26,39.4000,41.0400
2015-01-27,40.5400,40.7300
2015-01-28,41.0700,39.4100
2015-01-29,39.7200,39.3100
2015-01-30,38.7900,39.4700
2015-02-02,40.1200,38.6100
2015-02-03,38.9700,37.4900
2015-02-04,37.1100,37.3100
2015-02-05,37.5500,37.6400
2015-02-06,37.7400,37.0800
2015-02-09,37.2700,36.5700
2015-02-10,36.9400,37.6700
2015-02-11,37.7200,39.2000
2015-02-12,39.0000,37.9500
2015-02-13,38.1500,38.0200
2015-02-17,38.1700,38.4800
2015-02-18,38.3200,38.5000
2015-02-19,38.5000,40.5200
2015-02-20,40.6100,39.9800
2015-02-23,39.9000,40.4800
2015-02-24,40.6500,39.5100
2015-02-25,39.3300,40.6500
2015-02-26,40.5200,41.0000
2015-02-27,40.8200,40.6300
2015-03-02,39.6900,39.8900
2015-03-03,39.6200,41.1700
2015-03-04,40.9200,41.0100
2015-03-05,41.2700,41.3400
2015-03-06,41.0400,40.5500
2015-03-09,40.4700,41.0400
2015-03-10,40.5100,40.9800
2015-03-11,41.0000,41.0200
2015-03-12,41.3300,42.0600
2015-03-13,42.1000,41.2000
2015-03-16,41.3100,41.0500
2015-03-17,40.8200,41.5200
2015-03-18,41.2100,41.3200
2015-03-19,41.4500,42.4400
2015-03-20,42.5600,41.8200
2015-03-23,41.6400,41.1500
2015-03-24,41.2900,41.7500
2015-03-25,41.8700,36.7800
2015-03-26,36.5100,36.1600
2015-03-27,36.1300,37.5500
2015-03-30,37.8200,38.1400
2015-03-31,37.8900,38.0600
2015-04-01,37.9000,37.3400
2015-04-02,37.7500,34.5800
2015-04-06,34.2500,34.1400
2015-04-07,33.9000,34.3200
2015-04-08,34.1700,35.1600
2015-04-09,35.2800,34.0800
2015-04-10,34.3200,34.2300
2015-04-13,34.0000,34.0000
2015-04-14,34.0000,34.0000
2015-04-15,34.2300,33.8800
2015-04-16,33.9200,34.1500
2015-04-17,33.9500,33.7600
2015-04-20,33.8000,33.6000
2015-04-21,33.8300,33.6900
2015-04-22,33.7000,33.6700
2015-04-23,33.5000,34.2400
2015-04-24,34.2100,33.2900
2015-04-27,33.3600,31.7100
2015-04-28,31.8600,30.9900
2015-04-29,30.7800,30.0200
2015-04-30,29.7900,27.6500
2015-05-01,27.6500,28.7400
2015-05-04,28.9700,29.2200
2015-05-05,29.0500,27.1200
2015-05-06,27.4000,28.4200
2015-05-07,28.6900,29.5000
2015-05-08,30.0000,31.2500
2015-05-11,31.4300,31.8600
2015-05-12,31.8900,32.0500
2015-05-13,32.0500,31.9000
2015-05-14,31.0100,31.8600
2015-05-15,31.8800,31.8400
2015-05-18,31.7900,32.6800
2015-05-19,32.8000,32.8600
2015-05-20,32.7800,33.0900
2015-05-21,33.0400,33.0300
2015-05-22,33.1700,32.9200
2015-05-26,32.6900,33.3900
2015-05-27,33.6300,34.6200
2015-05-28,34.4000,33.2500
2015-05-29,33.3300,33.7300
2015-06-01,34.0100,32.0600
2015-06-02,32.0000,32.4200
2015-06-03,32.4600,32.2200
2015-06-04,31.7900,31.8200
2015-06-05,31.8500,32.4700
2015-06-08,32.3800,32.6600
2015-06-09,32.2400,31.0300
2015-06-10,30.1900,31.4100
2015-06-11,31.5600,31.8000
2015-06-12,31.7700,31.6000
2015-06-15,31.7000,31.0400
2015-06-16,30.8700,30.7700
2015-06-17,30.9600,30.9600
2015-06-18,31.0700,31.6600
2015-06-19,31.7500,31.1300
2015-06-22,31.5000,32.1300
2015-06-23,32.0200,32.4200
2015-06-24,32.3900,31.9800
2015-06-25,32.1400,31.5100
2015-06-26,31.6700,32.0000
2015-06-29,31.7400,30.5200
2015-06-30,30.6500,31.6400
2015-07-01,32.0000,30.0200
2015-07-02,30.1500,29.7900
2015-07-06,29.5200,30.4200
2015-07-07,30.4100,29.8100
2015-07-08,29.4900,28.7000
2015-07-09,29.2300,29.8300
2015-07-10,30.4000,30.0300
2015-07-13,30.2600,30.1000
2015-07-14,30.0000,31.6700
2015-07-15,31.3800,32.3100
2015-07-16,32.6300,32.4400
2015-07-17,32.5400,32.7700
2015-07-20,33.2200,32.5800
2015-07-21,32.6500,30.7900
2015-07-22,30.4400,32.1800
2015-07-23,32.1600,31.5000
2015-07-24,31.3300,29.8200
2015-07-27,29.4600,28.5000
2015-07-28,28.7700,28.8900
2015-07-29,28.9700,28.1500
2015-07-30,27.9200,28.1000
2015-07-31,28.1400,28.6400
2015-08-03,28.5800,28.9300
2015-08-04,29.0600,29.0100
2015-08-05,29.3300,28.8600
2015-08-06,29.6100,27.7400
2015-08-07,27.6100,28.1400
2015-08-10,28.6100,28.6100
2015-08-11,28.3000,28.4400
2015-08-12,27.7700,28.6900
2015-08-13,29.4500,32.4900
2015-08-14,32.2800,31.2800
2015-08-17,31.2800,32.3500
2015-08-18,31.9500,30.7200
2015-08-19,30.4500,30.9200
2015-08-20,30.5700,28.5000
2015-08-21,27.6200,28.3600
2015-08-24,21.9000,27.1900
2015-08-25,27.3100,27.0000
2015-08-26,27.7000,28.2500
2015-08-27,28.5500,28.5500
2015-08-28,28.4700,29.7100
2015-08-31,29.6500,28.9800
2015-09-01,28.2900,28.3000
2015-09-02,28.6900,29.4500
2015-09-03,29.4500,28.0800
2015-09-04,27.7100,28.9200
2015-09-08,29.5300,31.3000
2015-09-09,31.4900,31.0900
2015-09-10,30.9300,32.1800
2015-09-11,32.1000,33.6200
2015-09-14,33.8500,34.1300
2015-09-15,34.1500,35.1000
2015-09-16,34.9600,32.4800
2015-09-17,32.5500,34.9800
2015-09-18,34.3500,35.8800
2015-09-21,36.3100,33.5700
2015-09-22,33.2300,32.4500
2015-09-23,32.7500,30.9300
2015-09-24,30.8700,29.3300
2015-09-25,29.7600,27.3100
2015-09-28,27.3200,25.5900
2015-09-29,25.5300,24.1900
2015-09-30,24.8200,24.9000
2015-10-01,25.0000,24.2100
2015-10-02,23.9800,24.6700
2015-10-05,24.8100,24.5700
2015-10-06,24.5300,24.2000
2015-10-07,24.3400,24.5000
2015-10-08,24.2400,24.2600
2015-10-09,24.3800,24.0800
2015-10-12,24.1900,23.6000
2015-10-13,23.5000,22.0500
2015-10-14,22.1900,22.1800
2015-10-15,22.1500,24.2700
2015-10-16,24.3700,24.4000
2015-10-19,24.4300,25.2700
2015-10-20,25.3300,24.8700
2015-10-21,25.1500,25.1500
2015-10-22,25.0500,25.3100
2015-10-23,25.8100,26.1700
2015-10-26,26.3700,26.2300
2015-10-27,26.2800,27.2500
2015-10-28,27.3200,29.8900
2015-10-29,29.9300,30.6300
2015-10-30,30.5000,31.2100
2015-11-02,31.2800,33.0500
2015-11-03,32.7000,33.0700
2015-11-04,33.0300,34.2200
2015-11-05,34.7500,37.7300
2015-11-06,37.6800,39.4900
2015-11-09,39.0100,38.6400
2015-11-10,38.7100,37.0800
2015-11-11,37.4900,36.4500
2015-11-12,36.1400,35.5600
2015-11-13,35.3500,35.4650
2015-11-16,35.2200,35.5800
2015-11-17,35.9400,35.7900
2015-11-18,35.8200,36.9700
2015-11-19,37.1000,35.9900
2015-11-20,36.9000,39.0800
2015-11-23,39.0000,40.7500
2015-11-24,39.9100,41.2800
2015-11-25,41.5500,42.2800
2015-11-27,42.3800,42.6700
2015-11-30,42.9200,42.8700
2015-12-01,42.9500,43.6300
2015-12-02,43.2100,43.4600
2015-12-03,43.5700,42.4200
2015-12-04,42.5200,42.9000
2015-12-07,44.5600,42.8800
2015-12-08,42.2400,41.7000
2015-12-09,41.3400,42.3500
2015-12-10,42.6200,42.1400
2015-12-11,41.2700,42.0500
2015-12-14,41.6200,42.5300
2015-12-15,43.0000,43.5800
2015-12-16,44.4900,44.1300
2015-12-17,44.8400,43.9100
2015-12-18,44.0000,44.5000
2015-12-21,45.2100,47.9300
2015-12-22,48.0900,47.0700
2015-12-23,47.6400,48.2700
2015-12-24,48.3100,48.7500
2015-12-28,48.0800,47.2900
2015-12-29,47.8600,50.0400
2015-12-30,50.1900,49.5700
2015-12-31,49.0000,48.7600
2016-01-04,47.8700,44.8600
2016-01-05,43.6000,40.2200
2016-01-06,40.0000,37.1000
2016-01-07,36.4000,35.0100
2016-01-08,35.6000,34.4300
2016-01-11,34.3100,33.9500
2016-01-12,34.5600,35.0800
2016-01-13,35.0200,33.2600
2016-01-14,33.6000,34.9300
2016-01-15,32.7600,33.6900
2016-01-19,34.3100,32.4900
2016-01-20,31.9100,34.1600
2016-01-21,35.0500,33.9700
2016-01-22,34.4300,36.3100
2016-01-25,35.4100,35.6400
2016-01-26,36.1700,33.5900
2016-01-27,33.7200,32.2500
2016-01-28,32.2800,30.7100
2016-01-29,30.7100,30.7000
2016-02-01,30.8400,30.7700
2016-02-02,30.2400,28.8200
2016-02-03,29.2800,28.4500
2016-02-04,28.1100,28.0000
2016-02-05,27.8000,26.5900
2016-02-08,26.2300,24.8300
2016-02-09,24.3800,24.6300
2016-02-10,24.8300,25.6700
2016-02-11,24.9800,24.8300
2016-02-12,25.0600,25.4100
2016-02-16,25.8000,26.9100
2016-02-17,27.1600,28.9300
2016-02-18,28.9700,26.2700
2016-02-19,26.1700,27.2000
2016-02-22,27.4700,26.7300
2016-02-23,26.6200,26.0700
2016-02-24,25.7700,26.4000
2016-02-25,26.1400,24.1800
2016-02-26,25.1000,25.3200
2016-02-29,26.1900,25.3400
2016-03-01,25.5700,27.2500
2016-03-02,27.0800,27.6500
2016-03-03,27.5900,27.9700
2016-03-04,27.9000,28.4700
2016-03-07,28.2800,29.7800
2016-03-08,29.5900,27.7400
2016-03-09,27.8200,27.3600
2016-03-10,27.6300,26.0200
2016-03-11,26.2500,26.8700
2016-03-14,26.8700,27.2600
2016-03-15,26.9700,25.4900
2016-03-16,25.3400,24.8700
2016-03-17,24.7300,23.6400
2016-03-18,23.7400,25.3100
2016-03-21,25.2100,26.3900
2016-03-22,26.1500,27.6200
2016-03-23,27.4500,24.4600
2016-03-24,24.6000,24.2100
2016-03-28,24.2000,23.9200
2016-03-29,23.8900,25.7600
2016-03-30,26.0100,25.7000
2016-03-31,26.0500,26.3900
2016-04-01,26.1500,27.3400
2016-04-04,27.3600,29.2100
2016-04-05,28.7400,29.9000
2016-04-06,29.9600,31.9200
2016-04-07,31.3600,31.4500
2016-04-08,32.1900,31.2600
2016-04-11,31.4600,30.4800
2016-04-12,30.8700,31.4200
2016-04-13,31.8900,31.7200
2016-04-14,31.6900,31.4400
2016-04-15,31.2900,31.2300
2016-04-18,31.1200,31.4700
2016-04-19,31.4800,29.1800
2016-04-20,29.9300,30.4400
2016-04-21,30.2800,31.6800
2016-04-22,31.6600,32.2000
2016-04-25,32.2800,31.4500
2016-04-26,31.3500,31.0300
2016-04-27,31.3400,30.7000
2016-04-28,30.3600,30.1100
2016-04-29,29.9300,29.9500
2016-05-02,30.0500,30.3300
2016-05-03,29.9500,28.3300
2016-05-04,28.1200,27.5000
2016-05-05,28.5900,30.1900
2016-05-06,30.2800,29.4300
2016-05-09,29.3600,30.8000
2016-05-10,30.9300,31.5900
2016-05-11,31.4500,29.7300
2016-05-12,29.9100,28.5700
2016-05-13,28.5700,29.3700
2016-05-16,29.6000,32.2200
2016-05-17,32.4500,32.0400
2016-05-18,31.8000,32.8900
2016-05-19,32.6400,32.9500
2016-05-20,33.1500,33.6800
2016-05-23,33.7300,34.0600
2016-05-24,34.0600,34.4700
2016-05-25,34.7900,34.7800
2016-05-26,34.7200,34.3500
2016-05-27,34.3500,33.8900
2016-05-31,34.1500,34.2100
2016-06-01,34.0900,33.9000
2016-06-02,33.7600,37.2300
2016-06-03,36.9900,36.1900
2016-06-06,36.2400,37.0500
2016-06-07,36.6800,35.7600
2016-06-08,35.8400,36.1600
2016-06-09,35.8300,34.5000
2016-06-10,34.0000,35.4400
2016-06-13,34.9500,34.9100
2016-06-14,34.9700,35.7600
2016-06-15,36.1800,36.8000
2016-06-16,36.3800,36.3000
2016-06-17,36.4200,34.3800
2016-06-20,34.9200,34.8700
2016-06-21,35.0900,33.7300
2016-06-22,33.8000,33.5600
2016-06-23,33.9900,35.0400
2016-06-24,33.1900,33.4600
2016-06-27,33.1500,31.8400
2016-06-28,32.6600,33.8900
2016-06-29,34.4000,35.0000
2016-06-30,35.0800,33.9800
2016-07-01,33.8700,35.2700
2016-07-05,34.9500,32.7650
2016-07-06,32.5800,34.4800
2016-07-07,34.5800,33.9100
2016-07-08,33.7500,34.7500
2016-07-11,34.9300,34.3500
2016-07-12,34.8400,35.1000
2016-07-13,35.3400,32.8700
2016-07-14,33.4600,32.8100
2016-07-15,33.1600,33.0900
2016-07-18,33.0400,32.4600
2016-07-19,32.4900,32.3600
2016-07-20,32.5600,33.0000
2016-07-21,33.3800,33.4500
2016-07-22,33.6600,33.4300
2016-07-25,33.5300,32.9800
2016-07-26,32.6500,32.6700
2016-07-27,32.8400,34.4500
2016-07-28,34.5300,33.9300
2016-07-29,33.7300,33.9200
2016-08-01,34.1000,34.4000
2016-08-02,34.3800,33.0100
2016-08-03,32.9300,34.0600
2016-08-04,31.7800,33.1300
2016-08-05,33.5700,32.9700
2016-08-08,33.0200,30.3700
2016-08-09,30.5000,30.0500
2016-08-10,30.0200,28.8400
2016-08-11,29.0700,29.4800
2016-08-12,29.3900,29.9900
2016-08-15,30.0000,30.1500
2016-08-16,29.9900,29.7100
2016-08-17,29.7100,30.0100
2016-08-18,30.0500,30.0000
2016-08-19,30.0000,29.8500
2016-08-22,30.0000,30.7700
2016-08-23,30.9100,30.9100
2016-08-24,30.8000,29.8600
2016-08-25,29.9800,29.6500
2016-08-26,29.7800,30.2100
2016-08-29,30.3300,30.2800
2016-08-30,30.2600,30.3200
2016-08-31,30.1500,30.0100
2016-09-01,30.0300,30.2500
2016-09-02,30.3800,30.8400
2016-09-06,31.0600,32.0200
2016-09-07,32.0000,31.6800
2016-09-08,31.6500,32.3200
2016-09-09,32.0900,31.4000
2016-09-12,31.2400,32.5700
2016-09-13,32.6400,33.1550
2016-09-14,33.2300,34.4100
2016-09-15,34.2200,33.5100
2016-09-16,33.4000,34.5100
2016-09-19,34.8400,36.5000
2016-09-20,36.8500,37.4800
2016-09-21,37.7700,38.1200
2016-09-22,38.4200,40.0000
2016-09-23,40.0000,39.5000
2016-09-26,39.2100,39.1500
2016-09-27,39.1100,40.4700
2016-09-28,40.5200,39.5800
2016-09-29,39.3500,36.4100
2016-09-30,36.7600,36.1900
2016-10-03,36.0000,35.5600
2016-10-04,35.6400,35.3100
2016-10-05,35.3800,36.2200
2016-10-06,35.6800,33.9500
2016-10-07,34.0000,33.4700
2016-10-10,33.8900,35.0600
2016-10-11,34.5900,33.7300
2016-10-12,33.6900,30.7600
2016-10-13,30.3500,30.3400
2016-10-14,30.6400,29.7400
2016-10-17,29.7300,29.8600
2016-10-18,30.2800,30.0200
2016-10-19,30.0600,29.9400
2016-10-20,29.8600,30.1900
2016-10-21,30.0400,29.2000
2016-10-24,29.3900,28.2500
2016-10-25,28.3500,27.6400
2016-10-26,27.6900,26.9200
2016-10-27,27.4800,28.0000
2016-10-28,27.7700,27.4800
2016-10-31,27.5400,28.0300
2016-11-01,28.0900,28.3000
2016-11-02,28.2300,27.3600
2016-11-03,27.3300,24.8600
2016-11-04,25.6100,27.4900
2016-11-07,27.3000,27.5100
2016-11-08,27.1900,28.1500
2016-11-09,30.5300,33.7600
2016-11-10,34.6000,36.3800
2016-11-11,36.0900,38.8200
2016-11-14,39.2800,40.1800
2016-11-15,40.1000,40.8600
2016-11-16,40.6200,39.1200
2016-11-17,39.3200,38.1500
2016-11-18,37.7400,37.9600
2016-11-21,37.8300,37.8500
2016-11-22,37.8700,37.0900
2016-11-23,36.5400,38.3900
2016-11-25,38.3400,37.9800
2016-11-28,37.7600,36.4300
2016-11-29,36.6600,36.5200
2016-11-30,36.7200,33.6900
2016-12-01,34.1200,35.0400
2016-12-02,34.8000,36.2900
2016-12-05,37.2200,34.9000
2016-12-06,34.9900,33.9800
2016-12-07,33.4800,30.9600
2016-12-08,31.0000,31.4800
2016-12-09,31.7400,29.7000
2016-12-12,29.2700,28.5000
2016-12-13,29.1000,29.5700
2016-12-14,29.2400,28.8500
2016-12-15,28.9700,29.0800
2016-12-16,29.1800,29.6600
2016-12-19,29.8800,28.8000
2016-12-20,28.8300,28.1500
2016-12-21,28.1300,27.4900
2016-12-22,27.1500,26.2600
2016-12-23,26.2400,27.3200
2016-12-27,27.5700,26.6400
2016-12-28,26.7800,25.7700
2016-12-29,25.6600,25.6300
2016-12-30,25.5900,25.5200
2017-01-03,25.9200,25.4750
2017-01-04,25.9900,27.5000
2017-01-05,27.7000,27.0400
2017-01-06,27.0000,26.2500
2017-01-09,26.9300,26.5600
2017-01-10,26.7100,26.7100
2017-01-11,26.7100,25.7000
2017-01-12,25.4100,26.2200
2017-01-13,26.1600,25.5300
2017-01-17,25.3200,24.7200
2017-01-18,24.8300,24.7100
2017-01-19,24.7200,24.4400
2017-01-20,24.4700,24.4000
2017-01-23,24.4600,24.4700
2017-01-24,24.5500,24.5300
2017-01-25,24.7500,24.7900
2017-01-26,24.8200,24.2200
2017-01-27,24.1200,23.9800
2017-01-30,23.8700,23.4400
2017-01-31,23.5000,24.2800
2017-02-01,24.3800,24.2300
2017-02-02,24.1600,23.8300
2017-02-03,24.0700,23.9300
2017-02-06,23.7700,23.9800
2017-02-07,24.0500,23.7400
2017-02-08,23.5600,23.3000
2017-02-09,23.2900,24.6500
2017-02-10,24.8600,25.2500
2017-02-13,25.4300,25.8100
2017-02-14,25.8100,26.6100
2017-02-15,26.5000,27.3700
2017-02-16,27.5000,26.5400
2017-02-17,26.5100,26.8000
2017-02-21,26.8600,26.4700
2017-02-22,26.4100,25.4700
2017-02-23,25.4400,25.2000
2017-02-24,24.9400,25.1700
2017-02-27,24.9100,26.6500
2017-02-28,26.5300,26.7200
2017-03-01,26.7000,28.6900
2017-03-02,30.1100,30.1700
2017-03-03,29.9800,29.7200
2017-03-06,29.6700,29.4500
2017-03-07,28.9900,27.1100
2017-03-08,27.1300,28.3800
2017-03-09,29.3800,30.0700
2017-03-10,30.3900,30.0200
2017-03-13,30.1700,30.0000
2017-03-14,29.4300,28.4400
2017-03-15,28.5100,28.8400
2017-03-16,28.6800,28.9100
2017-03-17,28.3100,28.1600
2017-03-20,28.0900,28.0400
2017-03-21,28.2500,26.5500
2017-03-22,26.6300,26.8500
2017-03-23,26.9600,26.6400
2017-03-24,26.4900,26.7800
2017-03-27,26.0800,27.3600
2017-03-28,27.3100,27.0400
2017-03-29,27.0700,26.8800
2017-03-30,26.8200,26.7300
2017-03-31,26.7600,26.4700
2017-04-03,26.4800,26.5900
2017-04-04,26.4900,26.7000
2017-04-05,26.7900,26.1400
2017-04-06,26.3600,26.0100
2017-04-07,25.8700,26.4500
2017-04-10,26.5500,27.0100
2017-04-11,27.1500,26.4200
2017-04-12,26.5600,26.5300
2017-04-13,26.4300,28.6900
2017-04-17,28.5900,28.7600
2017-04-18,28.7400,28.1600
2017-04-19,28.1000,28.1600
2017-04-20,28.3200,28.3700
2017-04-21,28.3600,28.0200
2017-04-24,28.3000,29.1300
2017-04-25,29.5700,30.2500
2017-04-26,29.0100,31.2500
2017-04-27,31.1100,32.6900
2017-04-28,32.7300,33.0200
2017-05-01,33.2800,33.4900
2017-05-02,33.8900,32.7400
2017-05-03,32.2500,32.0600
2017-05-04,32.2800,31.8400
2017-05-05,31.9200,31.6600
2017-05-08,31.6000,27.6100
2017-05-09,27.7500,28.2700
2017-05-10,28.1600,28.2400
2017-05-11,28.1500,29.0800
2017-05-12,28.9500,30.0100
2017-05-15,30.0900,29.9200
2017-05-16,29.9600,30.3000
2017-05-17,28.3000,26.5700
2017-05-18,26.6200,27.1000
2017-05-19,27.1000,25.5600
2017-05-22,25.7700,25.4100
2017-05-23,24.4800,25.3900
2017-05-24,25.4100,26.1400
2017-05-25,26.2700,26.4500
2017-05-26,26.3300,25.2500
2017-05-30,25.8300,25.8500
2017-05-31,26.0400,25.5100
2017-06-01,25.6000,27.5500
2017-06-02,27.5800,28.8200
2017-06-05,28.9800,28.3300
2017-06-06,28.2800,28.5200
2017-06-07,28.4500,28.8600
2017-06-08,28.9000,29.4200
2017-06-09,29.5200,29.0400
2017-06-12,28.9100,28.2300
2017-06-13,27.0500,29.6400
2017-06-14,29.3100,30.0500
2017-06-15,29.7500,29.1100
2017-06-16,28.7900,29.6900
2017-06-19,30.0200,30.3100
2017-06-20,30.3900,31.3300
2017-06-21,31.5100,32.4300
2017-06-22,32.6300,33.9500
2017-06-23,33.7000,34.1000
2017-06-26,34.5100,31.0100
2017-06-27,31.2300,29.6400
2017-06-28,30.1100,31.5000
2017-06-29,31.4900,30.8700
2017-06-30,30.9500,30.3900
2017-07-03,30.6800,31.5800
2017-07-05,31.4800,32.0600
2017-07-06,31.6500,31.5400
2017-07-07,31.7300,32.6700
2017-07-10,32.6100,32.6000
2017-07-11,32.7300,33.2300
2017-07-12,33.5900,31.4200
2017-07-13,31.5800,31.7500
2017-07-14,31.6500,31.9200
2017-07-17,31.8600,31.5000
2017-07-18,31.4000,31.0100
2017-07-19,31.3600,30.9100
2017-07-20,31.0000,30.6900
2017-07-21,31.0000,31.4500
2017-07-24,31.4600,32.5700
2017-07-25,32.8900,32.2200
2017-07-26,32.3800,32.1200
2017-07-27,32.3100,31.4800
2017-07-28,31.3800,32.0800
2017-07-31,32.0000,32.1500
2017-08-01,32.3600,32.2200
2017-08-02,32.1900,33.0700
2017-08-03,33.0500,33.2200
2017-08-04,32.2400,35.6900
2017-08-07,35.8300,35.3900
2017-08-08,35.4000,34.5500
2017-08-09,34.2900,35.6600
2017-08-10,35.2000,33.0700
2017-08-11,33.5500,34.1000
2017-08-14,34.4300,34.7400
2017-08-15,34.8700,34.8400
2017-08-16,35.0800,34.8400
2017-08-17,34.5600,34.4400
2017-08-18,34.1100,33.1300
2017-08-21,33.1700,32.7300
2017-08-22,33.0400,33.9300
2017-08-23,33.5300,34.2900
2017-08-24,34.4100,35.7200
2017-08-25,35.6700,34.7500
2017-08-28,35.4000,36.2700
2017-08-29,35.6800,36.5100
2017-08-30,36.5200,36.7500
2017-08-31,37.0100,38.7600
2017-09-01,38.7600,38.6900
2017-09-05,38.4800,38.3100
2017-09-06,38.7000,38.1400
2017-09-07,38.1600,38.4500
2017-09-08,38.3800,37.9400
2017-09-11,38.5900,37.7700
2017-09-12,39.7500,38.0900
2017-09-13,38.3400,39.7400
2017-09-14,39.8400,39.9000
2017-09-15,39.6800,39.9100
2017-09-18,40.0100,39.3800
2017-09-19,39.7900,38.9700
2017-09-20,38.9200,37.7300
2017-09-21,36.7500,35.0500
2017-09-22,35.0000,34.8300
2017-09-25,34.6000,34.9200
2017-09-26,35.2900,35.1000
2017-09-27,35.2200,35.2800
2017-09-28,35.4100,35.7900
2017-09-29,35.7500,37.3200
2017-10-02,37.4500,37.8100
2017-10-03,37.8200,37.8800
2017-10-04,37.6900,38.3000
2017-10-05,38.6500,38.4300
2017-10-06,38.4300,38.1500
2017-10-09,38.3200,38.7800
2017-10-10,38.8200,39.4900
2017-10-11,39.6200,38.7600
2017-10-12,39.0800,38.8800
2017-10-13,38.8200,38.8300
2017-10-16,39.0400,38.0100
2017-10-17,38.8000,39.0300
2017-10-18,39.0600,39.2000
2017-10-19,38.9700,37.3100
2017-10-20,37.5900,36.5700
2017-10-23,36.5700,36.4700
2017-10-24,36.5800,36.8500
2017-10-25,36.6200,36.8300
2017-10-26,36.6700,36.7700
2017-10-27,36.9900,38.1200
2017-10-30,38.0900,38.3300
2017-10-31,38.4000,39.0000
2017-11-01,39.4000,37.8300
2017-11-02,37.6900,37.0300
2017-11-03,36.9600,37.0400
2017-11-06,37.2800,37.3300
2017-11-07,38.0000,35.2300
2017-11-08,35.3300,35.9500
2017-11-09,35.7200,35.1400
2017-11-10,35.0800,35.0900
2017-11-13,34.6300,35.0200
2017-11-14,35.0700,34.1200
2017-11-15,34.0500,35.3400
2017-11-16,35.3400,36.9700
2017-11-17,36.7000,38.7100
2017-11-20,38.8400,37.4400
2017-11-21,37.8900,36.9000
2017-11-22,37.0500,36.4900
2017-11-24,36.7900,37.1800
2017-11-27,37.3000,36.6700
2017-11-28,36.9600,36.1200
2017-11-29,36.1700,34.8900
2017-11-30,35.0500,36.4900
2017-12-01,36.4800,35.5400
2017-12-04,35.9600,34.8100
2017-12-05,34.8300,35.1200
2017-12-06,34.8600,35.8500
2017-12-07,35.4500,35.1000
2017-12-08,35.3500,35.6800
2017-12-11,36.1600,35.9200
2017-12-12,35.9200,36.4000
2017-12-13,36.4300,37.6500
2017-12-14,37.6000,36.0000
2017-12-15,36.1000,35.9200
2017-12-18,36.0100,37.2900
2017-12-19,37.2200,37.0600
2017-12-20,37.7500,38.2400
2017-12-21,38.4300,41.6800
2017-12-22,41.5300,42.1900
2017-12-26,42.1900,42.7800
2017-12-27,42.6900,43.1500
2017-12-28,43.2300,43.2900
2017-12-29,43.4400,42.4400
2018-01-02,42.8500,42.6600
2018-01-03,42.4500,44.4000
2018-01-04,44.6500,42.9400
2018-01-05,43.0000,42.1100
2018-01-08,42.2800,42.0200
2018-01-09,42.4800,43.8000
2018-01-10,43.2700,44.0100
2018-01-11,44.0100,43.9100
2018-01-12,43.8000,45.1200
2018-01-16,45.1500,45.0200
2018-01-17,45.9400,44.9900
2018-01-18,45.1700,42.3500
2018-01-19,42.2900,43.0400
2018-01-22,43.0600,44.5000
2018-01-23,44.6300,44.5000
2018-01-24,44.5700,43.0300
2018-01-25,43.7500,43.8200
2018-01-26,43.9100,43.9700
2018-01-29,44.0300,44.2000
2018-01-30,43.1100,43.2200
2018-01-31,43.3400,41.5100
2018-02-01,41.4300,41.7100
2018-02-02,41.1600,40.8100
2018-02-05,40.3800,38.9200
2018-02-06,37.8100,41.1700
2018-02-07,40.9500,41.8700
2018-02-08,42.3400,38.9700
2018-02-09,39.6600,39.2300
2018-02-12,39.3800,40.9800
2018-02-13,40.6200,41.4700
2018-02-14,41.1500,41.5900
2018-02-15,42.0900,42.4700
2018-02-16,42.3400,41.9700
2018-02-20,41.7200,42.5500
2018-02-21,42.7400,42.0100
2018-02-22,42.4200,42.0000
2018-02-23,42.4300,42.9100
2018-02-26,45.2400,44.7400
2018-02-27,45.1000,43.5400
2018-02-28,44.9500,41.9300
2018-03-01,42.2900,40.6100
2018-03-02,40.2900,41.9100
2018-03-05,41.7700,42.7700
2018-03-06,42.8200,41.5100
2018-03-07,40.9800,42.9800
2018-03-08,42.9600,43.2500
2018-03-09,43.4800,43.9900
2018-03-12,44.4600,44.4500
2018-03-13,44.5100,44.5800
2018-03-14,44.8400,44.2300
2018-03-15,44.3200,44.1500
2018-03-16,44.1700,43.7000
2018-03-19,43.4800,42.5900
2018-03-20,42.7600,42.2000
2018-03-21,42.2100,43.5300
2018-03-22,42.8500,41.2500
2018-03-23,41.3600,39.3900
2018-03-26,40.2900,41.3700
2018-03-27,41.3800,39.9100
2018-03-28,39.9800,39.4800
2018-03-29,39.6000,39.1000
2018-04-02,38.9200,39.1300
2018-04-03,39.5900,38.1400
2018-04-04,37.5300,38.3500
2018-04-05,38.3800,37.6100
2018-04-06,37.0300,36.4700
2018-04-09,37.0600,36.6200
2018-04-10,37.0700,37.9000
2018-04-11,37.5300,38.1100
2018-04-12,38.2400,38.1800
2018-04-13,38.4400,37.4300
2018-04-16,37.7600,37.4800
2018-04-17,37.1900,37.9600
2018-04-18,38.2300,37.2600
2018-04-19,37.0200,35.9100
2018-04-20,35.7600,35.5900
2018-04-23,35.7900,35.9400
2018-04-24,36.0200,35.4200
2018-04-25,35.5700,35.3400
2018-04-26,35.6900,37.0100
2018-04-27,37.1800,37.7400
2018-04-30,37.6300,34.9100
2018-05-01,34.9700,35.3300
2018-05-02,35.0900,35.5100
2018-05-03,35.4400,35.2100
2018-05-04,35.2600,36.0100
2018-05-07,36.2700,36.0600
2018-05-08,35.9300,35.9900
2018-05-09,38.4900,36.2400
2018-05-10,36.3100,34.9400
2018-05-11,35.0000,35.6000
2018-05-14,35.7100,35.4400
2018-05-15,35.3600,35.0400
2018-05-16,35.0900,34.8000
2018-05-17,34.6900,34.7000
2018-05-18,34.9600,35.7400
2018-05-21,35.8900,35.0700
2018-05-22,35.1400,36.4400
2018-05-23,36.2300,36.3400
2018-05-24,36.3000,36.5700
2018-05-25,36.3300,36.4400
2018-05-29,36.2500,36.4800
2018-05-30,36.6200,36.1300
2018-05-31,36.0000,35.5400
2018-06-01,35.9800,35.8700
2018-06-04,36.1000,36.0500
2018-06-05,36.1000,36.1900
2018-06-06,36.3600,36.2200
2018-06-07,36.3600,35.8500
2018-06-08,35.6700,36.0200
2018-06-11,35.9400,34.8600
2018-06-12,35.0600,35.3900
2018-06-13,35.3500,35.9400
2018-06-14,36.0900,36.1200
2018-06-15,35.9400,36.0200
2018-06-18,35.9500,36.8100
2018-06-19,36.5600,36.9900
2018-06-20,37.2100,37.4700
2018-06-21,37.6100,37.0500
2018-06-22,37.1000,37.3700
2018-06-25,37.2300,35.7900
2018-06-26,35.8400,35.5900
2018-06-27,35.6100,33.6200
2018-06-28,33.5600,33.9800
2018-06-29,43.0000,48.5200
2018-07-02,47.8600,47.3300
2018-07-03,47.6600,47.0800
2018-07-05,46.8200,46.2300
2018-07-06,46.4600,46.7000
2018-07-09,46.9300,47.4000
2018-07-10,49.7000,48.7600
2018-07-11,48.0100,47.7800
2018-07-12,48.2700,47.1100
2018-07-13,45.7300,45.8600
2018-07-16,46.1000,45.9600
2018-07-17,45.9600,46.2900
2018-07-18,46.2100,46.5000
2018-07-19,46.1800,46.3000
2018-07-20,46.2900,46.5800
2018-07-23,46.7400,46.5100
2018-07-24,46.9500,45.6900
2018-07-25,45.8600,44.1000
2018-07-26,44.0200,43.5000
2018-07-27,43.6700,42.1900
2018-07-30,42.1300,41.9800
2018-07-31,42.2100,43.5600
2018-08-01,43.5600,43.5300
2018-08-02,43.4600,43.6500
2018-08-03,44.3700,43.0500
2018-08-06,43.0200,43.8700
2018-08-07,44.2000,46.6400
2018-08-08,46.4400,46.7300
2018-08-09,46.9500,46.4700
2018-08-10,46.2700,47.5000
2018-08-13,47.5500,47.6200
2018-08-14,47.5100,47.6200
2018-08-15,47.2600,47.5600
2018-08-16,47.9700,47.9500
2018-08-17,48.0400,48.3900
2018-08-20,48.5700,48.0800
2018-08-21,48.3300,48.4900
2018-08-22,48.4500,48.3950
2018-08-23,48.3400,49.2000
2018-08-24,49.4200,49.8200
2018-08-27,50.1100,49.9900
2018-08-28,50.2500,50.0000
2018-08-29,50.2500,53.2700
2018-08-30,53.1000,53.8700
2018-08-31,53.8900,54.0200
2018-09-04,53.6700,51.4700
2018-09-05,51.4800,52.5200
2018-09-06,52.4000,51.0900
2018-09-07,50.9800,51.0500
2018-09-10,51.0900,51.5400
2018-09-11,51.3600,51.3400
2018-09-12,51.2800,50.0000
2018-09-13,50.2300,51.1800
2018-09-14,51.1500,52.0400
2018-09-17,52.1000,51.9300
2018-09-18,55.0000,54.0300
2018-09-19,53.4400,56.3400
2018-09-20,56.3900,58.4700
2018-09-21,58.6600,56.6600
2018-09-24,56.4500,58.0200
2018-09-25,58.0200,58.3400
2018-09-26,58.2800,56.7100
2018-09-27,56.9700,56.8300
2018-09-28,56.9100,57.2300
2018-10-01,57.2300,55.7500
2018-10-02,55.8000,54.5900
2018-10-03,55.0800,56.4600
2018-10-04,56.0000,54.1900
2018-10-05,54.0300,53.1400
2018-10-08,53.0600,52.4800
2018-10-09,51.8000,50.3000
2018-10-10,49.9900,48.5100
2018-10-11,48.2500,48.4900
2018-10-12,49.5600,49.8600
2018-10-15,49.7000,48.6500
2018-10-16,49.1000,51.8400
2018-10-17,51.5800,51.6100
2018-10-18,51.5900,51.6900
2018-10-19,51.5000,51.3000
2018-10-22,51.7000,50.3500
2018-10-23,49.7600,50.6600
2018-10-24,50.6800,48.4200
2018-10-25,48.8600,51.2500
2018-10-26,50.3000,53.7100
2018-10-29,53.1400,50.2800
2018-10-30,50.1400,48.1300
2018-10-31,49.9500,50.7700
2018-11-01,51.2500,51.6400
2018-11-02,51.8000,53.2000
2018-11-05,53.5000,53.9500
2018-11-06,53.6200,53.5000
2018-11-07,54.5800,56.1300
2018-11-08,55.9900,57.7200
2018-11-09,58.1100,54.8900
2018-11-12,54.6400,51.6400
2018-11-13,52.1300,51.3600
2018-11-14,51.3400,50.0000
2018-11-15,49.6200,50.6600
2018-11-16,50.1400,52.2300
2018-11-19,52.1300,51.4200
2018-11-20,50.6100,49.8000
2018-11-21,50.2500,50.4300
2018-11-23,50.1700,50.6600
2018-11-26,51.3400,52.1900
2018-11-27,51.7400,51.5300
2018-11-28,52.1400,53.5000
2018-11-29,53.1000,52.9600
2018-11-30,53.0000,52.9300
2018-12-03,55.8200,53.8500
2018-12-04,53.5400,48.9400
2018-12-06,48.0100,49.9600
2018-12-07,49.6200,48.1900
2018-12-10,48.4200,48.1000
2018-12-11,49.0000,47.8800
2018-12-12,48.5400,47.8200
2018-12-13,47.5800,46.3700
2018-12-14,46.0900,45.3000
2018-12-17,45.3800,43.3600
2018-12-18,43.6300,43.9200
2018-12-19,43.8400,41.5300
2018-12-20,41.4400,41.1100
2018-12-21,41.2700,41.5000
2018-12-24,41.5000,41.2300
2018-12-26,41.1500,43.2300
2018-12-27,42.3500,42.6300
2018-12-28,42.6000,44.1300
2018-12-31,44.5300,43.5500
2019-01-02,42.4200,44.0900
2019-01-03,43.4500,40.1700
2019-01-04,41.2500,41.5000
2019-01-07,41.7900,45.0200
2019-01-08,45.0500,46.3000
2019-01-09,46.4600,47.8300
2019-01-10,47.5200,48.0500
2019-01-11,48.0900,46.9300
2019-01-14,46.7700,46.4400
2019-01-15,43.9400,43.9200
2019-01-16,42.5000,42.8100
2019-01-17,42.7700,41.9200
2019-01-18,42.0400,40.9900
2019-01-22,41.1500,40.6400
2019-01-23,41.1500,41.1500
2019-01-24,41.0900,41.2900
2019-01-25,41.5500,41.6400
2019-01-28,41.2200,39.0600
2019-01-29,39.0500,39.5600
2019-01-30,39.5500,41.6600
2019-01-31,41.6600,42.4000
2019-02-01,42.4000,42.7400
2019-02-04,42.7800,43.2200
2019-02-05,43.2700,43.3400
2019-02-06,43.2900,42.2900
2019-02-07,42.0900,41.5300
2019-02-08,41.3200,43.2800
2019-02-11,43.6600,43.9400
2019-02-12,44.2900,43.3900
2019-02-13,43.6100,42.3900
2019-02-14,42.2000,41.7700
2019-02-15,41.9200,42.4600
2019-02-19,42.4600,42.1700
2019-02-20,42.1400,42.0000
2019-02-21,41.9400,41.9800
2019-02-22,42.0200,42.7400
2019-02-25,43.0500,42.2900
2019-02-26,43.0400,45.1600
2019-02-27,44.6700,45.8800
2019-02-28,45.5000,44.0400
2019-03-01,44.3000,45.9400
2019-03-04,46.2300,46.2400
2019-03-05,46.2500,46.2500
2019-03-06,46.3000,44.1800
2019-03-07,44.1100,44.1400
2019-03-08,43.7200,43.9600
2019-03-11,44.2500,46.3800
2019-03-12,46.3800,45.7300
2019-03-13,45.8600,46.6300
2019-03-14,46.6000,46.1800
2019-03-15,46.4400,47.1300
2019-03-18,46.9400,46.9100
2019-03-19,47.0200,46.2700
2019-03-20,46.3400,45.2300
2019-03-21,44.8600,47.0700
2019-03-22,46.8700,44.1600
2019-03-25,44.2000,44.8800
2019-03-26,45.0100,45.3900
2019-03-27,45.1700,44.0200
2019-03-28,44.1100,45.0200
2019-03-29,45.3300,46.5700
2019-04-01,46.9700,46.9200
2019-04-02,47.2900,46.9000
2019-04-03,47.4800,46.9300
2019-04-04,46.9600,46.2600
2019-04-05,46.3300,46.9200
2019-04-08,46.7000,45.6700
2019-04-09,45.4600,43.7600
2019-04-10,43.7700,44.7400
2019-04-11,44.8300,43.4200
2019-04-12,43.6600,42.6900
2019-04-15,42.8200,42.5000
2019-04-16,42.7900,42.7700
2019-04-17,42.8400,40.4700
2019-04-18,40.3700,39.6900
2019-04-22,40.8200,40.0600
2019-04-23,39.9400,41.5500
2019-04-24,41.5000,40.5400
2019-04-25,40.3100,41.1500
2019-04-26,41.1600,41.7300
2019-04-29,41.6400,41.3200
2019-04-30,41.3000,40.7300
2019-05-01,40.8000,39.9800
2019-05-02,39.8800,40.4900
2019-05-03,39.5000,41.4900
2019-05-06,40.5000,41.7700
2019-05-07,41.3800,40.4200
2019-05-08,40.3900,41.0400
2019-05-09,40.7500,41.5100
2019-05-10,40.7700,41.4800
2019-05-13,40.1500,40.6500
2019-05-14,40.9600,42.0400
2019-05-15,41.9000,42.1100
2019-05-16,42.3100,41.9200
2019-05-17,41.4900,41.7600
2019-05-20,41.3700,41.0100
2019-05-21,41.2800,42.9000
2019-05-22,42.7500,43.2500
2019-05-23,42.9000,41.5700
2019-05-24,41.9200,42.0600
2019-05-28,42.1400,42.0400
2019-05-29,41.6100,41.3300
2019-05-30,41.6300,40.6900
2019-05-31,40.3900,39.8900
2019-06-03,39.9100,39.6900
2019-06-04,40.0900,41.0400
2019-06-05,41.2500,40.3700
2019-06-06,40.2200,38.7500
2019-06-07,39.1100,39.6800
2019-06-10,40.0000,38.0500
2019-06-11,38.5400,37.5200
2019-06-12,37.5600,38.7000
2019-06-13,38.7700,38.2100
2019-06-14,38.1100,37.6300
2019-06-17,38.0000,38.3600
2019-06-18,39.1400,40.6200
2019-06-19,40.6000,39.9200
2019-06-20,41.1200,40.8500
2019-06-21,40.7300,40.1800
2019-06-24,40.6700,40.1400
2019-06-25,40.2400,39.6000
2019-06-26,39.5100,39.0200
2019-06-27,39.2100,40.9200
2019-06-28,40.9200,41.0800
2019-07-01,41.5900,42.2300
2019-07-02,42.3100,42.2500
2019-07-03,42.4600,42.6000
2019-07-05,42.3600,41.8200
2019-07-08,41.6900,40.7100
2019-07-09,40.4800,41.5500
2019-07-10,41.6300,41.4900
2019-07-11,41.5800,40.5600
2019-07-12,40.4900,40.8600
2019-07-15,41.0300,40.9700
2019-07-16,41.1000,41.0000
2019-07-17,40.9600,41.7400
2019-07-18,41.6400,42.8900
2019-07-19,42.7100,42.3300
2019-07-22,42.2400,42.0000
2019-07-23,42.1800,42.0300
2019-07-24,41.8800,42.4800
2019-07-25,42.4900,40.9600
2019-07-26,41.1000,43.2200
2019-07-29,43.2400,42.9500
2019-07-30,42.7400,43.2900
2019-07-31,43.5000,43.6600
2019-08-01,43.8500,43.8700
2019-08-02,43.5000,44.0400
2019-08-05,43.2400,41.4900
2019-08-06,41.9000,42.0900
2019-08-07,41.3600,42.8000
2019-08-08,43.1500,44.5800
2019-08-09,44.4100,44.4600
2019-08-12,44.3300,44.3200
2019-08-13,44.2000,45.9900
2019-08-14,45.0700,45.3600
2019-08-15,45.4100,45.0200
2019-08-16,45.6600,46.0000
2019-08-19,46.6700,46.5100
2019-08-20,46.3900,45.7600
2019-08-21,46.3000,47.3300
2019-08-22,47.3400,46.2100
2019-08-23,46.0900,43.5700
2019-08-26,43.8200,44.9500
2019-08-27,44.9500,43.1500
2019-08-28,42.8800,44.3400
2019-08-29,44.8500,44.9900
2019-08-30,45.0000,44.9100
2019-09-03,44.6900,44.1000
2019-09-04,44.2600,43.6600
2019-09-05,43.9600,44.2900
2019-09-06,44.5500,44.5400
2019-09-09,44.7300,45.5000
2019-09-10,45.1700,45.8100
2019-09-11,45.7100,46.6200
2019-09-12,46.8000,46.2000
2019-09-13,46.3700,43.9000
2019-09-16,43.5000,44.6500
2019-09-17,42.7000,44.7100
2019-09-18,44.9600,43.2500
2019-09-19,43.4700,43.2900
2019-09-20,43.2400,43.1000
2019-09-23,43.0200,42.7500
2019-09-24,42.9900,41.9700
2019-09-25,42.0900,41.9800
2019-09-26,41.9300,40.9700
2019-09-27,41.1800,40.4300
2019-09-30,40.5600,39.5100
2019-10-01,39.6100,38.5700
2019-10-02,38.3400,39.1800
2019-10-03,39.3100,39.5000
2019-10-04,39.7300,40.4100
2019-10-07,40.1700,41.3500
2019-10-08,40.8000,40.4400
2019-10-09,40.6700,38.6700
2019-10-10,38.9000,38.3700
2019-10-11,38.7500,39.4700
2019-10-14,39.2700,40.2600
2019-10-15,40.4100,41.9200
2019-10-16,41.8100,41.6100
2019-10-17,41.9300,43.2500
2019-10-18,43.0100,42.1500
2019-10-21,42.5900,42.5300
2019-10-22,42.7600,42.8900
2019-10-23,42.9100,42.5000
2019-10-24,42.7000,41.9500
2019-10-25,41.9500,42.2900
2019-10-28,42.5100,44.4000
2019-10-29,44.4400,43.6500
2019-10-30,43.6400,44.4000
2019-10-31,44.0000,44.8700
2019-11-01,44.9800,46.3200
2019-11-04,47.0800,47.0000
2019-11-05,47.1800,47.6200
2019-11-06,44.1000,40.2700
2019-11-07,40.7000,40.6100
2019-11-08,40.5600,43.2800
2019-11-11,43.7800,44.5700
2019-11-12,44.3400,44.8600
2019-11-13,44.4900,44.6400
2019-11-14,44.3200,42.9950
2019-11-15,43.3300,40.9700
2019-11-18,40.9100,42.4900
2019-11-19,42.7600,43.1900
2019-11-20,43.0200,43.3800
2019-11-21,43.6900,43.6100
2019-11-22,43.8200,44.3700
2019-11-25,44.7600,47.0800
2019-11-26,47.1000,47.9800
2019-11-27,48.1800,48.4500
2019-11-29,48.0000,48.9600
2019-12-02,49.2200,49.6000
2019-12-03,49.5400,48.8400
2019-12-04,49.0500,48.8700
2019-12-05,49.0700,48.6800
2019-12-06,49.3000,49.8800
2019-12-09,49.7800,49.9200
2019-12-10,50.0500,50.4600
2019-12-11,50.5900,49.2800
2019-12-12,49.3700,49.9200
2019-12-13,49.9200,50.4600
2019-12-16,50.8400,50.8800
2019-12-17,51.3500,52.4800
2019-12-18,52.1200,52.2800
2019-12-19,52.2700,53.3400
2019-12-20,53.5400,52.2100
2019-12-23,52.2600,52.2500
2019-12-24,52.3800,52.7700
2019-12-26,52.8800,52.0300
2019-12-27,52.1500,51.1300
2019-12-30,51.2500,52.6100
2019-12-31,52.6500,53.0200
2020-01-02,52.8300,52.6100
2020-01-03,51.9800,50.9500
2020-01-06,50.2900,51.6200
2020-01-07,51.6800,51.3500
2020-01-08,51.6000,53.5400
2020-01-09,53.7000,55.4850
2020-01-10,55.5400,52.3800
2020-01-13,52.5000,53.4800
2020-01-14,53.4100,55.4300
2020-01-15,55.0900,54.3300
2020-01-16,55.4000,56.2500
2020-01-17,56.2600,56.1400
2020-01-21,56.0800,54.0900
2020-01-22,55.2000,52.9900
2020-01-23,52.8400,52.7550
2020-01-24,53.2600,52.0500
2020-01-27,50.8300,52.8700
2020-01-28,78.7400,79.3900
2020-01-29,78.5200,79.7600
2020-01-30,78.6900,86.3000
2020-01-31,85.5300,90.7800
2020-02-03,93.0000,93.0200
2020-02-04,94.5700,91.5300
2020-02-05,92.4400,91.3500
2020-02-06,91.7300,94.5100
2020-02-07,93.8700,94.4500
2020-02-10,94.0800,94.6000
2020-02-11,95.2600,93.6800
